id,type,color
1,banana,yellow
2,banana,yellow
3,apple,yellow
4,apple,yellow
5,cherry,red
6,banana,yellow
7,apple,red
8,apple,yellow
9,apple,red
10,banana,green
11,apple,yellow
12,apple,red
13,cherry,red
14,banana,green
15,apple,red
16,cherry,purple
17,apple,green
18,apple,green
19,banana,yellow
20,banana,yellow
21,cherry,purple
22,apple,green
23,cherry,purple
24,banana,yellow
25,apple,red
26,cherry,red
27,cherry,red
28,apple,green
29,banana,green
30,apple,green
31,apple,green
32,banana,yellow
33,banana,yellow
34,banana,yellow
35,apple,green
36,apple,yellow
37,banana,yellow
38,banana,yellow
39,apple,red
40,cherry,purple
41,apple,red
42,cherry,purple
43,apple,green
44,apple,yellow
45,banana,green
46,apple,yellow
47,banana,green
48,banana,green
49,cherry,purple
50,apple,red
51,banana,yellow
52,cherry,red
53,apple,red
54,cherry,purple
55,banana,green
56,apple,green
57,banana,yellow
58,banana,yellow
59,banana,green
60,cherry,purple
61,apple,green
62,apple,red
63,cherry,purple
64,cherry,red
65,banana,yellow
66,cherry,purple
67,cherry,red
68,apple,red
69,banana,yellow
70,banana,green
71,apple,green
72,cherry,purple
73,apple,red
74,cherry,red
75,apple,green
76,cherry,red
77,apple,green
78,cherry,red
79,apple,yellow
80,banana,yellow
81,cherry,red
82,banana,green
83,cherry,purple
84,banana,green
85,apple,red
86,apple,red
87,banana,yellow
88,banana,yellow
89,apple,yellow
90,apple,red
91,cherry,purple
92,apple,red
93,apple,green
94,apple,red
95,banana,green
96,apple,green
97,cherry,red
98,apple,yellow
99,banana,green
100,banana,yellow
101,banana,yellow
102,apple,yellow
103,apple,red
104,apple,red
105,banana,yellow
106,banana,green
107,banana,yellow
108,banana,yellow
109,apple,yellow
110,cherry,red
111,cherry,red
112,apple,green
113,banana,green
114,cherry,red
115,apple,green
116,apple,green
117,apple,yellow
118,cherry,purple
119,apple,green
120,apple,red
121,banana,yellow
122,banana,yellow
123,apple,green
124,banana,yellow
125,apple,yellow
126,apple,red
127,apple,red
128,banana,yellow
129,banana,yellow
130,banana,yellow
131,banana,green
132,banana,green
133,cherry,red
134,banana,green
135,apple,green
136,apple,yellow
137,apple,green
138,cherry,red
139,apple,yellow
140,cherry,red
141,apple,red
142,banana,yellow
143,cherry,red
144,cherry,purple
145,apple,green
146,cherry,purple
147,banana,yellow
148,banana,green
149,cherry,red
150,cherry,red
151,apple,red
152,banana,yellow
153,apple,yellow
154,apple,green
155,apple,yellow
156,cherry,purple
157,apple,red
158,apple,green
159,cherry,red
160,apple,red
161,banana,green
162,apple,green
163,banana,green
164,banana,yellow
165,apple,yellow
166,cherry,red
167,cherry,red
168,banana,yellow
169,apple,red
170,cherry,red
171,banana,yellow
172,apple,yellow
173,cherry,purple
174,cherry,red
175,cherry,red
176,cherry,red
177,cherry,red
178,apple,green
179,cherry,purple
180,cherry,red
181,apple,yellow
182,apple,red
183,cherry,red
184,apple,green
185,apple,red
186,apple,yellow
187,apple,green
188,apple,red
189,cherry,purple
190,apple,yellow
191,apple,yellow
192,apple,red
193,apple,green
194,apple,green
195,apple,yellow
196,banana,green
197,banana,yellow
198,apple,yellow
199,apple,red
200,banana,yellow
201,banana,yellow
202,apple,red
203,cherry,purple
204,banana,yellow
205,banana,green
206,banana,green
207,apple,yellow
208,apple,red
209,apple,yellow
210,cherry,red
211,banana,green
212,banana,yellow
213,apple,red
214,banana,green
215,banana,green
216,banana,green
217,cherry,red
218,banana,green
219,banana,green
220,apple,red
221,banana,yellow
222,cherry,red
223,apple,red
224,cherry,red
225,banana,yellow
226,banana,green
227,banana,yellow
228,apple,yellow
229,apple,red
230,cherry,red
231,apple,yellow
232,banana,yellow
233,banana,yellow
234,banana,green
235,banana,green
236,cherry,purple
237,banana,green
238,cherry,purple
239,cherry,purple
240,banana,yellow
241,cherry,purple
242,cherry,purple
243,banana,green
244,banana,green
245,apple,green
246,apple,yellow
247,apple,red
248,apple,yellow
249,apple,red
250,apple,green
251,apple,green
252,banana,yellow
253,cherry,purple
254,cherry,red
255,cherry,purple
256,banana,green
257,apple,green
258,cherry,purple
259,banana,yellow
260,banana,green
261,banana,yellow
262,apple,yellow
263,banana,green
264,banana,green
265,cherry,red
266,cherry,red
267,apple,green
268,apple,green
269,apple,green
270,apple,red
271,banana,green
272,cherry,purple
273,apple,green
274,apple,red
275,banana,yellow
276,cherry,purple
277,apple,red
278,cherry,red
279,cherry,red
280,apple,red
281,banana,yellow
282,apple,yellow
283,apple,red
284,banana,green
285,cherry,red
286,banana,yellow
287,cherry,red
288,cherry,red
289,banana,green
290,banana,green
291,apple,yellow
292,apple,yellow
293,banana,yellow
294,apple,green
295,cherry,red
296,cherry,red
297,apple,green
298,banana,yellow
299,banana,green
300,apple,green
301,cherry,red
302,banana,green
303,banana,green
304,banana,green
305,apple,yellow
306,cherry,purple
307,banana,green
308,banana,green
309,apple,red
310,cherry,red
311,apple,green
312,apple,green
313,banana,green
314,apple,green
315,cherry,red
316,banana,green
317,cherry,purple
318,apple,yellow
319,banana,green
320,banana,yellow
321,apple,yellow
322,banana,yellow
323,banana,green
324,banana,yellow
325,apple,red
326,banana,yellow
327,apple,yellow
328,apple,yellow
329,banana,green
330,cherry,purple
331,apple,green
332,apple,green
333,apple,yellow
334,apple,red
335,banana,yellow
336,apple,yellow
337,banana,green
338,cherry,red
339,apple,green
340,apple,red
341,banana,yellow
342,apple,red
343,banana,yellow
344,banana,green
345,apple,red
346,banana,green
347,banana,green
348,apple,red
349,apple,green
350,apple,red
351,banana,yellow
352,banana,yellow
353,apple,yellow
354,cherry,red
355,cherry,red
356,banana,green
357,banana,yellow
358,cherry,purple
359,banana,green
360,apple,yellow
361,cherry,purple
362,banana,yellow
363,banana,yellow
364,cherry,red
365,banana,green
366,banana,yellow
367,apple,yellow
368,apple,red
369,banana,green
370,apple,red
371,apple,green
372,banana,green
373,apple,red
374,cherry,red
375,banana,yellow
376,banana,green
377,cherry,red
378,apple,green
379,banana,green
380,banana,green
381,banana,green
382,cherry,purple
383,banana,yellow
384,cherry,purple
385,banana,yellow
386,apple,yellow
387,cherry,red
388,cherry,purple
389,banana,yellow
390,banana,green
391,cherry,red
392,cherry,purple
393,banana,green
394,cherry,purple
395,apple,green
396,apple,red
397,cherry,purple
398,banana,green
399,apple,green
400,cherry,red
401,banana,green
402,apple,red
403,cherry,purple
404,cherry,red
405,banana,green
406,banana,yellow
407,banana,green
408,banana,yellow
409,apple,yellow
410,apple,green
411,banana,green
412,apple,yellow
413,banana,yellow
414,banana,green
415,banana,green
416,apple,red
417,banana,yellow
418,banana,yellow
419,banana,green
420,banana,green
421,banana,green
422,cherry,red
423,banana,yellow
424,apple,yellow
425,banana,yellow
426,cherry,purple
427,cherry,purple
428,apple,yellow
429,apple,red
430,apple,green
431,cherry,purple
432,cherry,purple
433,banana,green
434,apple,yellow
435,apple,green
436,cherry,red
437,banana,yellow
438,cherry,purple
439,apple,yellow
440,banana,green
441,apple,yellow
442,cherry,red
443,banana,yellow
444,apple,yellow
445,apple,red
446,cherry,purple
447,apple,green
448,apple,red
449,banana,yellow
450,apple,green
451,apple,yellow
452,apple,red
453,cherry,purple
454,cherry,purple
455,cherry,red
456,banana,yellow
457,banana,green
458,cherry,red
459,banana,yellow
460,cherry,red
461,banana,green
462,cherry,red
463,apple,red
464,apple,green
465,banana,yellow
466,banana,yellow
467,apple,red
468,banana,green
469,banana,yellow
470,banana,yellow
471,apple,yellow
472,apple,green
473,banana,green
474,cherry,red
475,apple,green
476,cherry,purple
477,banana,green
478,banana,green
479,cherry,red
480,cherry,purple
481,apple,green
482,banana,green
483,cherry,purple
484,apple,yellow
485,apple,red
486,banana,yellow
487,cherry,purple
488,cherry,purple
489,cherry,red
490,banana,green
491,apple,red
492,banana,yellow
493,banana,yellow
494,apple,green
495,apple,green
496,banana,yellow
497,cherry,purple
498,banana,yellow
499,apple,yellow
500,cherry,purple
501,banana,green
502,cherry,purple
503,cherry,purple
504,cherry,purple
505,banana,green
506,cherry,purple
507,cherry,red
508,cherry,red
509,cherry,purple
510,cherry,purple
511,apple,green
512,apple,yellow
513,apple,green
514,banana,green
515,banana,green
516,apple,red
517,banana,green
518,cherry,red
519,banana,green
520,cherry,purple
521,banana,yellow
522,apple,red
523,apple,green
524,apple,red
525,cherry,red
526,apple,green
527,banana,green
528,banana,yellow
529,cherry,red
530,cherry,purple
531,cherry,purple
532,apple,green
533,apple,green
534,cherry,purple
535,apple,yellow
536,apple,yellow
537,apple,green
538,apple,red
539,cherry,purple
540,apple,red
541,banana,yellow
542,apple,green
543,apple,red
544,cherry,red
545,apple,yellow
546,apple,red
547,cherry,red
548,apple,red
549,cherry,red
550,apple,red
551,cherry,purple
552,cherry,red
553,banana,yellow
554,apple,green
555,cherry,red
556,banana,yellow
557,apple,red
558,apple,green
559,banana,yellow
560,banana,green
561,banana,yellow
562,banana,yellow
563,cherry,red
564,banana,green
565,banana,yellow
566,apple,green
567,cherry,purple
568,banana,green
569,banana,green
570,apple,red
571,apple,red
572,apple,green
573,banana,green
574,apple,yellow
575,banana,green
576,banana,green
577,apple,yellow
578,apple,yellow
579,banana,yellow
580,banana,yellow
581,banana,green
582,apple,yellow
583,apple,green
584,apple,green
585,apple,red
586,banana,green
587,apple,red
588,apple,red
589,banana,green
590,cherry,red
591,banana,green
592,banana,green
593,apple,yellow
594,cherry,purple
595,cherry,red
596,cherry,purple
597,apple,yellow
598,banana,yellow
599,banana,yellow
600,cherry,purple
601,cherry,purple
602,apple,green
603,banana,green
604,cherry,red
605,banana,green
606,apple,green
607,banana,green
608,cherry,purple
609,apple,red
610,banana,green
611,apple,yellow
612,banana,yellow
613,apple,yellow
614,apple,green
615,banana,yellow
616,apple,yellow
617,apple,yellow
618,banana,yellow
619,apple,yellow
620,apple,red
621,apple,yellow
622,banana,green
623,banana,yellow
624,cherry,red
625,apple,red
626,apple,yellow
627,banana,green
628,apple,green
629,cherry,red
630,apple,green
631,cherry,red
632,cherry,purple
633,apple,red
634,banana,green
635,apple,green
636,banana,yellow
637,banana,green
638,apple,yellow
639,apple,red
640,banana,yellow
641,cherry,purple
642,banana,green
643,apple,green
644,apple,green
645,apple,yellow
646,banana,green
647,apple,red
648,apple,yellow
649,banana,yellow
650,apple,green
651,banana,yellow
652,apple,red
653,apple,yellow
654,apple,yellow
655,apple,green
656,apple,yellow
657,cherry,red
658,apple,green
659,apple,yellow
660,apple,yellow
661,apple,yellow
662,banana,green
663,banana,green
664,cherry,purple
665,apple,red
666,banana,green
667,cherry,red
668,apple,red
669,apple,green
670,apple,green
671,cherry,red
672,banana,yellow
673,banana,green
674,banana,yellow
675,banana,yellow
676,apple,green
677,banana,yellow
678,banana,green
679,cherry,red
680,banana,yellow
681,apple,yellow
682,banana,green
683,banana,yellow
684,apple,green
685,apple,green
686,banana,yellow
687,cherry,purple
688,apple,red
689,banana,green
690,apple,yellow
691,cherry,red
692,apple,yellow
693,banana,green
694,apple,yellow
695,banana,green
696,apple,yellow
697,cherry,purple
698,banana,green
699,cherry,red
700,banana,green
701,banana,yellow
702,apple,red
703,cherry,purple
704,cherry,purple
705,apple,red
706,apple,green
707,cherry,red
708,banana,yellow
709,banana,yellow
710,banana,yellow
711,apple,yellow
712,cherry,red
713,banana,yellow
714,banana,yellow
715,cherry,purple
716,cherry,purple
717,apple,red
718,apple,green
719,cherry,red
720,apple,yellow
721,cherry,purple
722,cherry,purple
723,banana,green
724,cherry,red
725,cherry,red
726,cherry,red
727,banana,green
728,banana,yellow
729,banana,yellow
730,apple,red
731,apple,yellow
732,apple,green
733,apple,red
734,cherry,purple
735,cherry,purple
736,apple,yellow
737,apple,green
738,cherry,purple
739,apple,green
740,cherry,purple
741,cherry,red
742,apple,green
743,banana,yellow
744,cherry,purple
745,banana,yellow
746,cherry,red
747,apple,red
748,banana,green
749,apple,green
750,apple,red
751,apple,green
752,banana,green
753,apple,green
754,banana,yellow
755,banana,yellow
756,banana,green
757,banana,green
758,apple,green
759,apple,yellow
760,apple,green
761,apple,yellow
762,banana,yellow
763,apple,green
764,apple,green
765,cherry,purple
766,banana,green
767,cherry,purple
768,apple,yellow
769,banana,green
770,apple,green
771,banana,yellow
772,cherry,purple
773,cherry,purple
774,banana,yellow
775,apple,green
776,apple,red
777,apple,red
778,cherry,purple
779,cherry,purple
780,cherry,purple
781,apple,yellow
782,apple,green
783,cherry,red
784,cherry,purple
785,apple,green
786,banana,green
787,banana,green
788,apple,red
789,banana,green
790,apple,yellow
791,apple,red
792,banana,yellow
793,banana,yellow
794,banana,green
795,apple,green
796,banana,green
797,banana,green
798,apple,green
799,apple,red
800,banana,green
801,banana,green
802,apple,red
803,apple,yellow
804,banana,yellow
805,cherry,red
806,cherry,purple
807,apple,red
808,apple,yellow
809,apple,green
810,cherry,red
811,banana,green
812,cherry,purple
813,banana,yellow
814,banana,green
815,apple,yellow
816,apple,red
817,apple,red
818,banana,green
819,cherry,red
820,apple,green
821,banana,yellow
822,cherry,purple
823,banana,green
824,apple,red
825,cherry,purple
826,apple,yellow
827,banana,yellow
828,cherry,purple
829,banana,yellow
830,banana,green
831,cherry,red
832,banana,yellow
833,cherry,red
834,apple,red
835,cherry,red
836,cherry,red
837,apple,yellow
838,apple,yellow
839,apple,red
840,apple,green
841,cherry,purple
842,banana,green
843,cherry,red
844,apple,green
845,banana,green
846,banana,green
847,apple,yellow
848,banana,yellow
849,cherry,red
850,banana,yellow
851,cherry,red
852,apple,red
853,apple,yellow
854,apple,yellow
855,cherry,red
856,apple,yellow
857,cherry,purple
858,apple,green
859,banana,yellow
860,banana,yellow
861,banana,yellow
862,apple,yellow
863,banana,green
864,cherry,red
865,cherry,red
866,apple,yellow
867,cherry,purple
868,banana,green
869,banana,yellow
870,banana,green
871,banana,green
872,banana,green
873,apple,red
874,banana,yellow
875,banana,green
876,banana,green
877,banana,green
878,cherry,purple
879,banana,green
880,cherry,red
881,cherry,red
882,apple,green
883,apple,green
884,apple,red
885,apple,green
886,cherry,purple
887,apple,red
888,cherry,purple
889,apple,red
890,banana,green
891,banana,green
892,banana,yellow
893,cherry,purple
894,cherry,red
895,banana,yellow
896,apple,green
897,banana,green
898,apple,red
899,cherry,purple
900,apple,green
901,banana,green
902,apple,green
903,apple,yellow
904,apple,yellow
905,apple,green
906,banana,green
907,cherry,red
908,apple,red
909,apple,green
910,banana,green
911,cherry,red
912,banana,green
913,banana,yellow
914,apple,yellow
915,apple,green
916,banana,yellow
917,banana,yellow
918,apple,yellow
919,apple,green
920,cherry,purple
921,banana,green
922,banana,green
923,banana,yellow
924,apple,yellow
925,apple,green
926,banana,yellow
927,banana,green
928,cherry,red
929,banana,green
930,apple,yellow
931,banana,green
932,apple,yellow
933,apple,yellow
934,cherry,red
935,apple,green
936,apple,red
937,banana,yellow
938,banana,green
939,cherry,red
940,banana,yellow
941,banana,green
942,banana,green
943,cherry,purple
944,cherry,purple
945,banana,green
946,banana,yellow
947,cherry,purple
948,banana,yellow
949,cherry,purple
950,cherry,red
951,banana,green
952,apple,green
953,banana,green
954,apple,yellow
955,banana,green
956,cherry,purple
957,cherry,red
958,apple,green
959,cherry,red
960,apple,green
961,banana,green
962,apple,yellow
963,apple,yellow
964,banana,yellow
965,apple,yellow
966,banana,yellow
967,apple,yellow
968,apple,red
969,apple,green
970,apple,green
971,apple,red
972,apple,yellow
973,cherry,red
974,banana,green
975,banana,yellow
976,cherry,purple
977,apple,yellow
978,apple,red
979,banana,yellow
980,banana,yellow
981,cherry,red
982,banana,yellow
983,cherry,red
984,cherry,purple
985,cherry,red
986,cherry,purple
987,cherry,red
988,apple,yellow
989,apple,green
990,apple,yellow
991,banana,green
992,cherry,red
993,cherry,purple
994,apple,red
995,apple,yellow
996,banana,green
997,banana,yellow
998,banana,green
999,banana,yellow
1000,apple,yellow
1001,cherry,purple
1002,banana,yellow
1003,banana,yellow
1004,apple,red
1005,banana,yellow
1006,apple,green
1007,apple,green
1008,cherry,purple
1009,banana,yellow
1010,apple,green
1011,banana,yellow
1012,banana,green
1013,apple,green
1014,banana,green
1015,banana,green
1016,apple,red
1017,apple,red
1018,banana,green
1019,banana,green
1020,banana,green
1021,cherry,red
1022,cherry,red
1023,banana,green
1024,apple,yellow
1025,apple,yellow
1026,cherry,red
1027,banana,yellow
1028,apple,yellow
1029,banana,yellow
1030,banana,green
1031,apple,yellow
1032,banana,yellow
1033,banana,green
1034,banana,yellow
1035,banana,green
1036,banana,green
1037,apple,red
1038,banana,yellow
1039,apple,green
1040,banana,yellow
1041,cherry,red
1042,cherry,purple
1043,apple,green
1044,apple,red
1045,cherry,purple
1046,apple,green
1047,banana,green
1048,apple,yellow
1049,cherry,red
1050,banana,green
1051,apple,yellow
1052,apple,red
1053,banana,yellow
1054,cherry,red
1055,cherry,purple
1056,banana,green
1057,banana,yellow
1058,apple,green
1059,apple,red
1060,cherry,red
1061,apple,yellow
1062,banana,yellow
1063,apple,red
1064,apple,red
1065,banana,yellow
1066,apple,red
1067,banana,yellow
1068,banana,yellow
1069,apple,green
1070,apple,yellow
1071,banana,green
1072,apple,red
1073,cherry,red
1074,banana,green
1075,apple,yellow
1076,cherry,red
1077,banana,green
1078,banana,yellow
1079,cherry,purple
1080,cherry,purple
1081,banana,green
1082,apple,green
1083,apple,yellow
1084,banana,yellow
1085,apple,yellow
1086,apple,green
1087,cherry,purple
1088,cherry,red
1089,apple,green
1090,apple,yellow
1091,apple,green
1092,cherry,red
1093,banana,yellow
1094,apple,green
1095,banana,yellow
1096,cherry,red
1097,cherry,red
1098,banana,green
1099,apple,red
1100,apple,red
1101,cherry,red
1102,banana,green
1103,cherry,red
1104,apple,red
1105,banana,green
1106,apple,yellow
1107,banana,green
1108,apple,yellow
1109,cherry,purple
1110,apple,yellow
1111,banana,green
1112,cherry,purple
1113,apple,red
1114,banana,yellow
1115,banana,yellow
1116,apple,yellow
1117,banana,green
1118,apple,red
1119,apple,green
1120,banana,yellow
1121,banana,green
1122,apple,green
1123,cherry,purple
1124,banana,green
1125,apple,yellow
1126,banana,yellow
1127,cherry,red
1128,banana,yellow
1129,cherry,red
1130,cherry,purple
1131,apple,yellow
1132,apple,yellow
1133,apple,red
1134,banana,green
1135,apple,yellow
1136,banana,green
1137,banana,yellow
1138,apple,yellow
1139,banana,yellow
1140,banana,green
1141,banana,green
1142,apple,yellow
1143,banana,yellow
1144,apple,red
1145,banana,yellow
1146,apple,yellow
1147,apple,green
1148,apple,green
1149,apple,green
1150,banana,yellow
1151,cherry,red
1152,apple,red
1153,banana,yellow
1154,apple,green
1155,apple,green
1156,apple,red
1157,banana,yellow
1158,banana,green
1159,banana,green
1160,banana,yellow
1161,cherry,red
1162,apple,yellow
1163,cherry,purple
1164,apple,red
1165,banana,green
1166,cherry,red
1167,apple,green
1168,apple,red
1169,banana,green
1170,cherry,purple
1171,apple,red
1172,banana,green
1173,banana,green
1174,apple,yellow
1175,apple,yellow
1176,banana,green
1177,apple,green
1178,apple,red
1179,apple,yellow
1180,cherry,purple
1181,cherry,purple
1182,apple,green
1183,cherry,purple
1184,banana,green
1185,banana,green
1186,banana,green
1187,apple,yellow
1188,apple,red
1189,banana,yellow
1190,apple,green
1191,banana,yellow
1192,banana,green
1193,apple,red
1194,apple,green
1195,banana,green
1196,apple,red
1197,apple,green
1198,banana,green
1199,apple,red
1200,apple,red
1201,banana,green
1202,cherry,red
1203,apple,green
1204,cherry,red
1205,banana,yellow
1206,banana,yellow
1207,apple,green
1208,apple,red
1209,apple,green
1210,apple,green
1211,banana,yellow
1212,apple,red
1213,banana,green
1214,banana,yellow
1215,banana,yellow
1216,apple,green
1217,apple,yellow
1218,apple,green
1219,banana,green
1220,cherry,red
1221,apple,yellow
1222,cherry,red
1223,banana,yellow
1224,cherry,purple
1225,apple,yellow
1226,banana,yellow
1227,apple,green
1228,cherry,purple
1229,apple,yellow
1230,apple,yellow
1231,apple,yellow
1232,apple,yellow
1233,banana,yellow
1234,banana,green
1235,cherry,red
1236,cherry,purple
1237,banana,yellow
1238,banana,yellow
1239,apple,red
1240,banana,green
1241,apple,yellow
1242,banana,green
1243,banana,green
1244,banana,green
1245,banana,yellow
1246,apple,red
1247,banana,green
1248,apple,yellow
1249,apple,yellow
1250,banana,green
1251,cherry,purple
1252,cherry,purple
1253,apple,red
1254,apple,yellow
1255,banana,yellow
1256,banana,green
1257,banana,yellow
1258,apple,red
1259,banana,green
1260,banana,yellow
1261,apple,yellow
1262,apple,green
1263,apple,red
1264,banana,green
1265,banana,green
1266,banana,green
1267,apple,green
1268,apple,yellow
1269,apple,green
1270,banana,yellow
1271,cherry,red
1272,banana,yellow
1273,apple,green
1274,cherry,red
1275,cherry,red
1276,apple,yellow
1277,banana,yellow
1278,banana,yellow
1279,banana,green
1280,apple,yellow
1281,apple,green
1282,cherry,red
1283,banana,yellow
1284,apple,red
1285,banana,green
1286,banana,green
1287,banana,green
1288,banana,green
1289,banana,green
1290,apple,green
1291,banana,green
1292,cherry,red
1293,banana,green
1294,apple,green
1295,apple,green
1296,banana,green
1297,banana,yellow
1298,banana,green
1299,apple,yellow
1300,banana,yellow
1301,banana,green
1302,apple,red
1303,apple,green
1304,banana,green
1305,cherry,purple
1306,apple,green
1307,cherry,purple
1308,banana,green
1309,banana,green
1310,banana,yellow
1311,banana,yellow
1312,apple,green
1313,apple,green
1314,apple,green
1315,banana,green
1316,banana,yellow
1317,banana,green
1318,cherry,purple
1319,banana,yellow
1320,cherry,purple
1321,banana,green
1322,apple,yellow
1323,cherry,purple
1324,cherry,red
1325,banana,green
1326,cherry,red
1327,banana,yellow
1328,cherry,red
1329,apple,yellow
1330,banana,green
1331,cherry,purple
1332,apple,red
1333,cherry,red
1334,cherry,purple
1335,banana,yellow
1336,apple,yellow
1337,apple,yellow
1338,apple,yellow
1339,cherry,red
1340,apple,green
1341,cherry,purple
1342,cherry,red
1343,banana,yellow
1344,apple,yellow
1345,apple,red
1346,cherry,purple
1347,banana,green
1348,banana,green
1349,banana,yellow
1350,banana,green
1351,banana,green
1352,banana,green
1353,apple,red
1354,cherry,red
1355,banana,green
1356,banana,green
1357,cherry,purple
1358,apple,green
1359,cherry,purple
1360,apple,green
1361,apple,yellow
1362,apple,green
1363,cherry,red
1364,apple,yellow
1365,cherry,purple
1366,apple,red
1367,banana,yellow
1368,cherry,purple
1369,apple,yellow
1370,cherry,purple
1371,apple,green
1372,apple,green
1373,apple,green
1374,banana,yellow
1375,apple,yellow
1376,apple,yellow
1377,cherry,purple
1378,banana,yellow
1379,apple,green
1380,apple,yellow
1381,apple,yellow
1382,banana,yellow
1383,banana,yellow
1384,cherry,purple
1385,banana,green
1386,apple,green
1387,apple,red
1388,apple,green
1389,cherry,red
1390,apple,red
1391,banana,yellow
1392,apple,yellow
1393,apple,yellow
1394,apple,green
1395,banana,yellow
1396,cherry,purple
1397,cherry,red
1398,cherry,red
1399,cherry,purple
1400,apple,green
1401,apple,red
1402,apple,yellow
1403,apple,yellow
1404,banana,green
1405,cherry,red
1406,cherry,purple
1407,apple,yellow
1408,banana,green
1409,apple,red
1410,cherry,red
1411,banana,yellow
1412,apple,yellow
1413,banana,yellow
1414,cherry,purple
1415,apple,yellow
1416,banana,yellow
1417,cherry,red
1418,apple,red
1419,apple,red
1420,apple,red
1421,cherry,purple
1422,banana,green
1423,banana,green
1424,apple,yellow
1425,banana,yellow
1426,apple,green
1427,apple,red
1428,cherry,red
1429,banana,green
1430,banana,yellow
1431,apple,green
1432,banana,yellow
1433,apple,red
1434,cherry,red
1435,banana,yellow
1436,apple,yellow
1437,banana,yellow
1438,apple,yellow
1439,apple,red
1440,apple,green
1441,banana,green
1442,apple,red
1443,banana,green
1444,banana,yellow
1445,cherry,red
1446,apple,green
1447,apple,red
1448,apple,yellow
1449,banana,green
1450,banana,green
1451,apple,yellow
1452,apple,red
1453,apple,red
1454,cherry,red
1455,apple,yellow
1456,apple,red
1457,apple,green
1458,apple,red
1459,apple,red
1460,banana,green
1461,apple,red
1462,banana,green
1463,apple,red
1464,banana,yellow
1465,banana,yellow
1466,apple,yellow
1467,cherry,purple
1468,apple,green
1469,cherry,purple
1470,apple,yellow
1471,banana,green
1472,apple,yellow
1473,cherry,red
1474,banana,green
1475,cherry,red
1476,banana,yellow
1477,apple,green
1478,apple,yellow
1479,apple,yellow
1480,cherry,purple
1481,apple,yellow
1482,apple,yellow
1483,banana,yellow
1484,apple,red
1485,banana,yellow
1486,cherry,red
1487,banana,yellow
1488,apple,red
1489,cherry,purple
1490,banana,green
1491,banana,yellow
1492,banana,yellow
1493,banana,green
1494,apple,yellow
1495,apple,yellow
1496,cherry,red
1497,apple,green
1498,cherry,purple
1499,banana,green
1500,apple,green
1501,apple,red
1502,apple,yellow
1503,apple,red
1504,apple,green
1505,apple,red
1506,banana,yellow
1507,banana,green
1508,apple,red
1509,apple,yellow
1510,apple,yellow
1511,banana,yellow
1512,apple,green
1513,apple,yellow
1514,apple,green
1515,apple,red
1516,banana,green
1517,cherry,red
1518,apple,green
1519,cherry,red
1520,apple,red
1521,cherry,red
1522,apple,red
1523,cherry,red
1524,apple,green
1525,apple,yellow
1526,cherry,red
1527,banana,green
1528,cherry,red
1529,apple,red
1530,apple,yellow
1531,banana,yellow
1532,apple,green
1533,apple,green
1534,apple,yellow
1535,banana,green
1536,banana,green
1537,banana,yellow
1538,apple,red
1539,apple,green
1540,cherry,red
1541,banana,yellow
1542,banana,green
1543,banana,green
1544,apple,green
1545,apple,green
1546,apple,yellow
1547,apple,yellow
1548,cherry,purple
1549,cherry,purple
1550,banana,green
1551,apple,yellow
1552,banana,green
1553,apple,red
1554,apple,red
1555,apple,green
1556,apple,green
1557,banana,yellow
1558,cherry,red
1559,apple,red
1560,apple,yellow
1561,apple,red
1562,banana,green
1563,apple,red
1564,apple,yellow
1565,apple,yellow
1566,banana,yellow
1567,banana,green
1568,cherry,red
1569,banana,yellow
1570,cherry,purple
1571,banana,yellow
1572,banana,yellow
1573,apple,yellow
1574,apple,yellow
1575,banana,green
1576,cherry,red
1577,cherry,purple
1578,banana,green
1579,apple,red
1580,banana,yellow
1581,cherry,purple
1582,cherry,purple
1583,banana,green
1584,banana,green
1585,apple,red
1586,cherry,purple
1587,cherry,purple
1588,banana,yellow
1589,banana,green
1590,apple,yellow
1591,cherry,purple
1592,apple,yellow
1593,apple,red
1594,banana,green
1595,cherry,red
1596,apple,green
1597,cherry,red
1598,banana,yellow
1599,cherry,red
1600,apple,red
1601,apple,green
1602,apple,red
1603,cherry,purple
1604,banana,green
1605,apple,yellow
1606,apple,green
1607,cherry,red
1608,apple,green
1609,banana,yellow
1610,cherry,purple
1611,cherry,purple
1612,banana,yellow
1613,cherry,red
1614,apple,red
1615,cherry,red
1616,apple,green
1617,apple,red
1618,apple,red
1619,cherry,red
1620,banana,yellow
1621,apple,yellow
1622,cherry,red
1623,banana,yellow
1624,banana,green
1625,apple,red
1626,apple,red
1627,banana,green
1628,banana,green
1629,apple,red
1630,apple,yellow
1631,cherry,red
1632,apple,red
1633,banana,green
1634,cherry,purple
1635,apple,red
1636,apple,yellow
1637,apple,red
1638,banana,yellow
1639,apple,green
1640,banana,green
1641,apple,yellow
1642,apple,green
1643,cherry,purple
1644,apple,red
1645,apple,green
1646,apple,green
1647,banana,yellow
1648,cherry,red
1649,apple,green
1650,cherry,purple
1651,cherry,red
1652,banana,green
1653,cherry,purple
1654,cherry,purple
1655,banana,yellow
1656,banana,yellow
1657,apple,yellow
1658,apple,yellow
1659,cherry,red
1660,apple,green
1661,apple,red
1662,cherry,red
1663,apple,green
1664,apple,yellow
1665,banana,yellow
1666,cherry,purple
1667,apple,yellow
1668,cherry,red
1669,apple,yellow
1670,apple,green
1671,cherry,purple
1672,cherry,red
1673,cherry,purple
1674,apple,red
1675,apple,yellow
1676,banana,yellow
1677,cherry,red
1678,cherry,purple
1679,cherry,purple
1680,apple,green
1681,banana,green
1682,apple,green
1683,banana,green
1684,apple,green
1685,banana,yellow
1686,banana,green
1687,cherry,red
1688,apple,green
1689,apple,green
1690,cherry,red
1691,cherry,red
1692,apple,yellow
1693,banana,green
1694,apple,green
1695,banana,yellow
1696,apple,red
1697,cherry,purple
1698,banana,green
1699,cherry,red
1700,apple,yellow
1701,banana,yellow
1702,cherry,red
1703,apple,red
1704,cherry,red
1705,apple,red
1706,cherry,red
1707,apple,green
1708,banana,yellow
1709,banana,yellow
1710,apple,yellow
1711,banana,green
1712,banana,green
1713,apple,green
1714,banana,yellow
1715,apple,green
1716,apple,yellow
1717,cherry,red
1718,cherry,red
1719,banana,green
1720,banana,yellow
1721,cherry,red
1722,banana,yellow
1723,banana,yellow
1724,apple,yellow
1725,cherry,purple
1726,banana,green
1727,banana,green
1728,cherry,purple
1729,apple,green
1730,apple,yellow
1731,cherry,purple
1732,banana,yellow
1733,banana,green
1734,banana,green
1735,apple,red
1736,banana,green
1737,cherry,purple
1738,cherry,purple
1739,banana,green
1740,apple,yellow
1741,cherry,red
1742,cherry,purple
1743,banana,yellow
1744,banana,green
1745,cherry,purple
1746,cherry,purple
1747,apple,red
1748,banana,yellow
1749,apple,yellow
1750,apple,yellow
1751,banana,green
1752,cherry,purple
1753,banana,yellow
1754,cherry,red
1755,apple,green
1756,apple,green
1757,banana,yellow
1758,cherry,purple
1759,banana,yellow
1760,apple,yellow
1761,cherry,purple
1762,cherry,purple
1763,apple,yellow
1764,apple,red
1765,banana,yellow
1766,banana,yellow
1767,banana,green
1768,banana,green
1769,apple,red
1770,apple,red
1771,apple,yellow
1772,cherry,purple
1773,apple,yellow
1774,apple,red
1775,banana,yellow
1776,apple,red
1777,apple,green
1778,apple,red
1779,banana,yellow
1780,banana,yellow
1781,apple,green
1782,banana,green
1783,banana,green
1784,apple,red
1785,banana,green
1786,cherry,purple
1787,cherry,red
1788,apple,red
1789,banana,yellow
1790,apple,green
1791,apple,red
1792,apple,yellow
1793,apple,red
1794,cherry,purple
1795,cherry,purple
1796,banana,green
1797,banana,yellow
1798,apple,green
1799,apple,red
1800,apple,green
1801,apple,red
1802,banana,yellow
1803,apple,red
1804,banana,yellow
1805,apple,yellow
1806,banana,yellow
1807,apple,yellow
1808,apple,yellow
1809,banana,yellow
1810,banana,yellow
1811,apple,red
1812,banana,green
1813,apple,green
1814,banana,yellow
1815,apple,yellow
1816,banana,green
1817,banana,yellow
1818,banana,green
1819,banana,yellow
1820,banana,yellow
1821,banana,yellow
1822,apple,red
1823,banana,yellow
1824,cherry,red
1825,apple,green
1826,apple,red
1827,banana,yellow
1828,banana,green
1829,apple,red
1830,apple,red
1831,cherry,purple
1832,apple,red
1833,cherry,red
1834,banana,yellow
1835,cherry,red
1836,banana,green
1837,apple,red
1838,apple,red
1839,cherry,purple
1840,apple,yellow
1841,apple,yellow
1842,apple,red
1843,apple,red
1844,banana,yellow
1845,apple,green
1846,cherry,purple
1847,cherry,red
1848,apple,green
1849,apple,green
1850,banana,green
1851,apple,green
1852,banana,green
1853,cherry,red
1854,apple,yellow
1855,banana,yellow
1856,apple,yellow
1857,banana,green
1858,apple,green
1859,cherry,red
1860,cherry,red
1861,banana,green
1862,apple,green
1863,banana,yellow
1864,apple,green
1865,apple,yellow
1866,banana,yellow
1867,cherry,purple
1868,banana,yellow
1869,banana,yellow
1870,banana,green
1871,apple,yellow
1872,cherry,red
1873,apple,red
1874,banana,green
1875,cherry,red
1876,apple,green
1877,apple,green
1878,cherry,red
1879,banana,green
1880,banana,yellow
1881,apple,green
1882,cherry,purple
1883,apple,green
1884,banana,yellow
1885,cherry,red
1886,apple,green
1887,apple,yellow
1888,apple,red
1889,cherry,purple
1890,cherry,red
1891,banana,green
1892,cherry,purple
1893,cherry,red
1894,cherry,purple
1895,banana,green
1896,banana,green
1897,banana,yellow
1898,apple,yellow
1899,apple,green
1900,apple,yellow
1901,cherry,purple
1902,banana,green
1903,banana,yellow
1904,cherry,purple
1905,apple,yellow
1906,banana,green
1907,apple,yellow
1908,apple,red
1909,cherry,purple
1910,apple,red
1911,banana,yellow
1912,cherry,red
1913,cherry,red
1914,cherry,purple
1915,banana,yellow
1916,cherry,red
1917,banana,yellow
1918,banana,green
1919,cherry,purple
1920,cherry,red
1921,banana,yellow
1922,banana,yellow
1923,apple,yellow
1924,banana,green
1925,banana,green
1926,banana,yellow
1927,apple,green
1928,cherry,purple
1929,cherry,red
1930,banana,green
1931,cherry,purple
1932,banana,yellow
1933,apple,yellow
1934,banana,green
1935,cherry,red
1936,cherry,red
1937,banana,green
1938,banana,green
1939,banana,green
1940,banana,green
1941,cherry,purple
1942,cherry,red
1943,apple,red
1944,apple,red
1945,apple,red
1946,cherry,purple
1947,apple,red
1948,banana,green
1949,apple,yellow
1950,apple,green
1951,apple,yellow
1952,banana,yellow
1953,banana,green
1954,apple,yellow
1955,apple,yellow
1956,apple,green
1957,apple,yellow
1958,apple,yellow
1959,apple,yellow
1960,apple,yellow
1961,cherry,purple
1962,cherry,purple
1963,cherry,red
1964,cherry,red
1965,apple,red
1966,cherry,red
1967,apple,red
1968,banana,yellow
1969,apple,green
1970,apple,green
1971,apple,yellow
1972,cherry,red
1973,apple,yellow
1974,cherry,red
1975,apple,green
1976,banana,green
1977,banana,green
1978,apple,yellow
1979,apple,red
1980,cherry,red
1981,cherry,red
1982,banana,green
1983,apple,red
1984,cherry,purple
1985,apple,green
1986,apple,yellow
1987,banana,yellow
1988,apple,green
1989,banana,yellow
1990,cherry,purple
1991,apple,red
1992,apple,yellow
1993,banana,yellow
1994,cherry,purple
1995,banana,green
1996,banana,green
1997,cherry,red
1998,apple,red
1999,cherry,red
2000,cherry,red
2001,banana,yellow
2002,banana,yellow
2003,cherry,purple
2004,cherry,red
2005,banana,green
2006,banana,yellow
2007,banana,yellow
2008,apple,yellow
2009,apple,red
2010,apple,red
2011,cherry,red
2012,banana,yellow
2013,cherry,purple
2014,apple,yellow
2015,banana,green
2016,apple,yellow
2017,apple,red
2018,banana,yellow
2019,cherry,red
2020,banana,yellow
2021,apple,yellow
2022,apple,yellow
2023,apple,red
2024,apple,green
2025,apple,yellow
2026,apple,red
2027,banana,yellow
2028,banana,green
2029,cherry,red
2030,apple,yellow
2031,banana,yellow
2032,banana,yellow
2033,apple,red
2034,banana,green
2035,banana,yellow
2036,apple,yellow
2037,banana,green
2038,apple,yellow
2039,cherry,red
2040,apple,red
2041,banana,green
2042,apple,red
2043,banana,yellow
2044,cherry,purple
2045,banana,yellow
2046,apple,red
2047,apple,red
2048,banana,green
2049,cherry,purple
2050,apple,yellow
2051,apple,green
2052,banana,yellow
2053,apple,green
2054,apple,yellow
2055,apple,yellow
2056,apple,yellow
2057,apple,green
2058,cherry,red
2059,apple,red
2060,cherry,purple
2061,apple,green
2062,apple,yellow
2063,apple,green
2064,banana,green
2065,cherry,purple
2066,banana,yellow
2067,banana,yellow
2068,cherry,red
2069,cherry,red
2070,apple,yellow
2071,apple,red
2072,cherry,red
2073,cherry,purple
2074,cherry,red
2075,cherry,purple
2076,banana,green
2077,banana,yellow
2078,apple,red
2079,cherry,purple
2080,apple,yellow
2081,banana,green
2082,apple,red
2083,banana,yellow
2084,cherry,red
2085,banana,yellow
2086,banana,yellow
2087,banana,green
2088,cherry,red
2089,apple,green
2090,apple,green
2091,apple,red
2092,banana,green
2093,apple,green
2094,cherry,red
2095,cherry,purple
2096,apple,yellow
2097,banana,green
2098,cherry,purple
2099,banana,yellow
2100,apple,green
2101,apple,yellow
2102,cherry,red
2103,banana,green
2104,cherry,red
2105,banana,green
2106,cherry,purple
2107,banana,green
2108,cherry,red
2109,banana,yellow
2110,banana,yellow
2111,apple,yellow
2112,apple,red
2113,apple,green
2114,banana,yellow
2115,banana,green
2116,cherry,red
2117,banana,green
2118,banana,yellow
2119,banana,green
2120,apple,red
2121,apple,yellow
2122,apple,yellow
2123,banana,yellow
2124,apple,green
2125,cherry,purple
2126,banana,yellow
2127,cherry,purple
2128,cherry,red
2129,banana,green
2130,cherry,red
2131,apple,green
2132,banana,yellow
2133,banana,green
2134,apple,yellow
2135,apple,green
2136,banana,yellow
2137,apple,green
2138,apple,red
2139,apple,yellow
2140,banana,yellow
2141,banana,yellow
2142,banana,yellow
2143,cherry,red
2144,apple,yellow
2145,apple,yellow
2146,banana,yellow
2147,cherry,purple
2148,banana,green
2149,cherry,purple
2150,apple,green
2151,cherry,purple
2152,apple,yellow
2153,cherry,red
2154,banana,green
2155,banana,yellow
2156,cherry,red
2157,apple,yellow
2158,banana,yellow
2159,apple,yellow
2160,cherry,red
2161,banana,green
2162,banana,green
2163,banana,yellow
2164,apple,yellow
2165,banana,green
2166,cherry,purple
2167,banana,green
2168,cherry,purple
2169,cherry,purple
2170,banana,green
2171,apple,yellow
2172,banana,green
2173,cherry,purple
2174,cherry,purple
2175,banana,yellow
2176,banana,green
2177,cherry,red
2178,apple,yellow
2179,banana,green
2180,cherry,red
2181,apple,yellow
2182,apple,red
2183,cherry,purple
2184,cherry,purple
2185,apple,green
2186,apple,red
2187,banana,green
2188,cherry,purple
2189,banana,green
2190,banana,yellow
2191,cherry,red
2192,banana,green
2193,apple,yellow
2194,cherry,purple
2195,apple,yellow
2196,banana,yellow
2197,banana,yellow
2198,apple,yellow
2199,apple,red
2200,apple,green
2201,cherry,purple
2202,banana,green
2203,banana,yellow
2204,banana,yellow
2205,cherry,purple
2206,banana,green
2207,apple,green
2208,apple,red
2209,banana,green
2210,banana,green
2211,apple,yellow
2212,apple,red
2213,banana,green
2214,cherry,purple
2215,cherry,purple
2216,banana,green
2217,banana,yellow
2218,cherry,purple
2219,banana,yellow
2220,banana,green
2221,apple,yellow
2222,cherry,red
2223,banana,yellow
2224,cherry,purple
2225,cherry,red
2226,banana,green
2227,apple,red
2228,apple,yellow
2229,cherry,red
2230,banana,yellow
2231,banana,green
2232,apple,yellow
2233,apple,yellow
2234,banana,yellow
2235,banana,yellow
2236,apple,red
2237,cherry,red
2238,apple,red
2239,cherry,purple
2240,apple,red
2241,apple,red
2242,banana,green
2243,banana,yellow
2244,cherry,purple
2245,banana,green
2246,cherry,purple
2247,banana,green
2248,apple,yellow
2249,apple,yellow
2250,cherry,purple
2251,cherry,red
2252,banana,green
2253,cherry,red
2254,banana,yellow
2255,banana,green
2256,apple,red
2257,apple,red
2258,apple,red
2259,apple,yellow
2260,cherry,red
2261,banana,yellow
2262,apple,yellow
2263,apple,red
2264,banana,yellow
2265,banana,green
2266,apple,green
2267,apple,red
2268,banana,yellow
2269,cherry,purple
2270,cherry,purple
2271,cherry,red
2272,apple,yellow
2273,apple,red
2274,apple,green
2275,apple,yellow
2276,banana,green
2277,cherry,purple
2278,apple,yellow
2279,apple,red
2280,banana,yellow
2281,apple,green
2282,banana,yellow
2283,banana,green
2284,apple,green
2285,banana,green
2286,apple,green
2287,apple,yellow
2288,cherry,red
2289,banana,yellow
2290,cherry,purple
2291,apple,yellow
2292,banana,green
2293,cherry,purple
2294,banana,green
2295,banana,yellow
2296,cherry,purple
2297,banana,green
2298,cherry,red
2299,apple,green
2300,apple,green
2301,banana,green
2302,banana,green
2303,apple,green
2304,cherry,purple
2305,banana,green
2306,banana,yellow
2307,cherry,red
2308,banana,green
2309,cherry,red
2310,apple,green
2311,apple,red
2312,cherry,purple
2313,banana,yellow
2314,cherry,red
2315,apple,yellow
2316,apple,yellow
2317,cherry,purple
2318,apple,red
2319,banana,green
2320,banana,yellow
2321,banana,yellow
2322,apple,yellow
2323,apple,green
2324,cherry,purple
2325,cherry,purple
2326,banana,yellow
2327,cherry,red
2328,banana,green
2329,banana,green
2330,banana,green
2331,cherry,purple
2332,banana,yellow
2333,banana,green
2334,banana,yellow
2335,apple,red
2336,banana,yellow
2337,apple,green
2338,banana,green
2339,cherry,purple
2340,apple,green
2341,cherry,red
2342,cherry,purple
2343,apple,yellow
2344,banana,yellow
2345,apple,yellow
2346,banana,green
2347,apple,red
2348,banana,yellow
2349,banana,green
2350,apple,yellow
2351,banana,green
2352,banana,yellow
2353,apple,green
2354,apple,green
2355,banana,green
2356,banana,green
2357,apple,red
2358,apple,yellow
2359,apple,red
2360,apple,red
2361,banana,yellow
2362,apple,red
2363,apple,red
2364,apple,green
2365,cherry,purple
2366,cherry,purple
2367,banana,yellow
2368,apple,red
2369,apple,green
2370,apple,green
2371,apple,green
2372,cherry,red
2373,apple,yellow
2374,apple,green
2375,apple,red
2376,apple,yellow
2377,cherry,red
2378,banana,green
2379,cherry,red
2380,banana,yellow
2381,banana,yellow
2382,apple,yellow
2383,apple,green
2384,cherry,red
2385,cherry,red
2386,banana,green
2387,apple,green
2388,banana,green
2389,cherry,red
2390,cherry,purple
2391,banana,yellow
2392,apple,red
2393,apple,green
2394,apple,yellow
2395,apple,yellow
2396,apple,green
2397,banana,yellow
2398,apple,red
2399,apple,yellow
2400,cherry,purple
2401,cherry,purple
2402,banana,yellow
2403,banana,green
2404,banana,green
2405,cherry,purple
2406,banana,green
2407,banana,green
2408,apple,red
2409,banana,green
2410,banana,green
2411,cherry,red
2412,apple,red
2413,banana,green
2414,banana,green
2415,apple,yellow
2416,banana,yellow
2417,cherry,purple
2418,cherry,red
2419,apple,red
2420,banana,green
2421,apple,yellow
2422,banana,yellow
2423,banana,green
2424,banana,green
2425,apple,yellow
2426,banana,yellow
2427,cherry,red
2428,apple,red
2429,apple,green
2430,apple,red
2431,banana,green
2432,banana,green
2433,apple,red
2434,banana,yellow
2435,apple,red
2436,banana,yellow
2437,banana,yellow
2438,apple,yellow
2439,cherry,purple
2440,cherry,red
2441,cherry,purple
2442,banana,yellow
2443,cherry,red
2444,cherry,red
2445,apple,red
2446,banana,yellow
2447,apple,yellow
2448,apple,yellow
2449,cherry,purple
2450,banana,green
2451,banana,green
2452,cherry,red
2453,cherry,purple
2454,banana,yellow
2455,banana,green
2456,cherry,purple
2457,banana,green
2458,cherry,purple
2459,cherry,purple
2460,cherry,purple
2461,banana,yellow
2462,apple,yellow
2463,cherry,purple
2464,apple,green
2465,banana,green
2466,apple,red
2467,cherry,red
2468,banana,green
2469,apple,red
2470,apple,green
2471,apple,yellow
2472,cherry,red
2473,apple,green
2474,apple,red
2475,apple,yellow
2476,apple,green
2477,cherry,red
2478,banana,yellow
2479,banana,green
2480,cherry,red
2481,banana,yellow
2482,banana,green
2483,apple,yellow
2484,apple,red
2485,cherry,purple
2486,apple,green
2487,banana,yellow
2488,cherry,red
2489,banana,yellow
2490,banana,green
2491,apple,yellow
2492,apple,yellow
2493,banana,green
2494,banana,yellow
2495,apple,yellow
2496,banana,green
2497,cherry,red
2498,apple,green
2499,cherry,red
2500,apple,red
2501,banana,yellow
2502,banana,green
2503,apple,yellow
2504,banana,yellow
2505,cherry,purple
2506,banana,green
2507,apple,yellow
2508,apple,yellow
2509,cherry,red
2510,apple,green
2511,cherry,purple
2512,banana,yellow
2513,apple,green
2514,banana,green
2515,apple,green
2516,banana,yellow
2517,cherry,red
2518,cherry,purple
2519,banana,green
2520,apple,red
2521,apple,green
2522,apple,yellow
2523,cherry,red
2524,banana,yellow
2525,cherry,red
2526,cherry,purple
2527,apple,yellow
2528,cherry,purple
2529,banana,yellow
2530,apple,yellow
2531,banana,yellow
2532,banana,green
2533,banana,yellow
2534,banana,yellow
2535,apple,yellow
2536,banana,green
2537,apple,green
2538,apple,yellow
2539,banana,yellow
2540,banana,yellow
2541,apple,yellow
2542,apple,yellow
2543,apple,red
2544,apple,yellow
2545,apple,green
2546,banana,yellow
2547,cherry,purple
2548,cherry,red
2549,apple,yellow
2550,cherry,red
2551,apple,yellow
2552,apple,green
2553,apple,red
2554,apple,yellow
2555,apple,yellow
2556,apple,yellow
2557,apple,red
2558,banana,green
2559,cherry,red
2560,cherry,purple
2561,apple,green
2562,cherry,red
2563,apple,green
2564,banana,yellow
2565,banana,yellow
2566,banana,green
2567,cherry,purple
2568,banana,yellow
2569,apple,red
2570,banana,yellow
2571,cherry,purple
2572,banana,yellow
2573,banana,yellow
2574,banana,yellow
2575,apple,yellow
2576,banana,yellow
2577,apple,red
2578,banana,green
2579,cherry,purple
2580,cherry,purple
2581,banana,green
2582,apple,red
2583,apple,red
2584,apple,yellow
2585,banana,yellow
2586,banana,yellow
2587,banana,green
2588,apple,green
2589,apple,yellow
2590,banana,green
2591,apple,green
2592,banana,yellow
2593,apple,red
2594,apple,red
2595,cherry,purple
2596,apple,yellow
2597,cherry,red
2598,apple,green
2599,cherry,purple
2600,banana,green
2601,cherry,purple
2602,banana,yellow
2603,banana,green
2604,banana,green
2605,banana,yellow
2606,banana,green
2607,banana,yellow
2608,cherry,red
2609,banana,green
2610,cherry,red
2611,banana,yellow
2612,apple,green
2613,apple,green
2614,cherry,purple
2615,banana,green
2616,apple,red
2617,banana,yellow
2618,banana,green
2619,apple,yellow
2620,apple,yellow
2621,cherry,red
2622,apple,green
2623,banana,yellow
2624,banana,yellow
2625,cherry,red
2626,apple,yellow
2627,banana,yellow
2628,banana,yellow
2629,apple,yellow
2630,banana,green
2631,apple,yellow
2632,apple,yellow
2633,banana,yellow
2634,apple,green
2635,apple,red
2636,cherry,red
2637,apple,red
2638,apple,yellow
2639,apple,green
2640,apple,green
2641,apple,red
2642,apple,red
2643,cherry,red
2644,banana,green
2645,apple,green
2646,cherry,red
2647,banana,green
2648,apple,yellow
2649,banana,green
2650,banana,yellow
2651,banana,yellow
2652,apple,yellow
2653,apple,yellow
2654,banana,yellow
2655,apple,red
2656,apple,green
2657,apple,red
2658,banana,green
2659,apple,red
2660,apple,green
2661,cherry,red
2662,banana,yellow
2663,cherry,purple
2664,cherry,red
2665,cherry,purple
2666,apple,green
2667,cherry,purple
2668,cherry,red
2669,apple,red
2670,apple,green
2671,apple,green
2672,banana,yellow
2673,banana,yellow
2674,banana,yellow
2675,banana,green
2676,banana,green
2677,apple,yellow
2678,cherry,purple
2679,cherry,purple
2680,banana,green
2681,banana,yellow
2682,cherry,red
2683,banana,yellow
2684,apple,red
2685,banana,yellow
2686,banana,yellow
2687,cherry,purple
2688,banana,green
2689,apple,yellow
2690,apple,yellow
2691,apple,green
2692,apple,red
2693,apple,yellow
2694,banana,yellow
2695,apple,green
2696,apple,yellow
2697,banana,yellow
2698,cherry,red
2699,apple,green
2700,cherry,purple
2701,cherry,red
2702,banana,green
2703,apple,green
2704,cherry,purple
2705,banana,green
2706,cherry,red
2707,cherry,purple
2708,banana,green
2709,banana,yellow
2710,apple,yellow
2711,apple,green
2712,apple,red
2713,apple,red
2714,apple,green
2715,banana,yellow
2716,banana,green
2717,apple,red
2718,cherry,purple
2719,banana,green
2720,banana,green
2721,banana,green
2722,cherry,purple
2723,banana,green
2724,apple,green
2725,apple,green
2726,cherry,red
2727,cherry,purple
2728,banana,green
2729,cherry,red
2730,apple,green
2731,banana,green
2732,cherry,red
2733,cherry,red
2734,cherry,red
2735,apple,red
2736,banana,yellow
2737,apple,red
2738,banana,yellow
2739,apple,red
2740,apple,yellow
2741,banana,yellow
2742,banana,green
2743,banana,yellow
2744,apple,red
2745,apple,yellow
2746,apple,green
2747,banana,green
2748,apple,green
2749,apple,yellow
2750,banana,yellow
2751,apple,green
2752,banana,green
2753,apple,yellow
2754,cherry,red
2755,apple,green
2756,banana,green
2757,banana,yellow
2758,apple,green
2759,cherry,red
2760,apple,red
2761,apple,green
2762,apple,yellow
2763,cherry,purple
2764,banana,green
2765,apple,red
2766,banana,yellow
2767,cherry,purple
2768,banana,yellow
2769,cherry,purple
2770,apple,green
2771,banana,green
2772,banana,yellow
2773,apple,yellow
2774,apple,green
2775,apple,yellow
2776,cherry,purple
2777,cherry,purple
2778,banana,yellow
2779,apple,red
2780,apple,green
2781,cherry,purple
2782,cherry,red
2783,banana,green
2784,cherry,red
2785,apple,yellow
2786,apple,green
2787,banana,green
2788,banana,yellow
2789,banana,yellow
2790,cherry,purple
2791,apple,red
2792,cherry,purple
2793,cherry,purple
2794,banana,green
2795,banana,yellow
2796,apple,yellow
2797,apple,yellow
2798,banana,green
2799,apple,yellow
2800,banana,yellow
2801,cherry,red
2802,apple,green
2803,apple,red
2804,banana,green
2805,apple,yellow
2806,banana,yellow
2807,apple,red
2808,cherry,red
2809,cherry,red
2810,banana,green
2811,apple,yellow
2812,banana,yellow
2813,banana,green
2814,apple,yellow
2815,apple,green
2816,banana,green
2817,cherry,red
2818,banana,green
2819,cherry,purple
2820,apple,yellow
2821,cherry,red
2822,banana,green
2823,apple,green
2824,cherry,red
2825,banana,green
2826,banana,green
2827,banana,green
2828,banana,yellow
2829,banana,yellow
2830,banana,green
2831,cherry,red
2832,apple,yellow
2833,apple,red
2834,apple,red
2835,apple,green
2836,banana,yellow
2837,apple,yellow
2838,cherry,purple
2839,cherry,purple
2840,banana,green
2841,banana,green
2842,apple,red
2843,apple,yellow
2844,apple,green
2845,cherry,red
2846,banana,green
2847,banana,green
2848,apple,red
2849,banana,green
2850,apple,green
2851,cherry,red
2852,apple,yellow
2853,banana,green
2854,banana,yellow
2855,banana,yellow
2856,apple,yellow
2857,banana,yellow
2858,banana,green
2859,banana,green
2860,banana,yellow
2861,banana,green
2862,banana,green
2863,banana,green
2864,apple,red
2865,banana,green
2866,banana,green
2867,apple,green
2868,banana,yellow
2869,banana,green
2870,cherry,red
2871,apple,red
2872,apple,red
2873,cherry,purple
2874,apple,yellow
2875,apple,green
2876,apple,red
2877,banana,yellow
2878,banana,green
2879,cherry,purple
2880,cherry,red
2881,banana,yellow
2882,apple,red
2883,cherry,red
2884,cherry,purple
2885,cherry,red
2886,banana,yellow
2887,apple,yellow
2888,cherry,red
2889,banana,yellow
2890,apple,green
2891,apple,green
2892,banana,yellow
2893,apple,yellow
2894,apple,green
2895,apple,green
2896,apple,green
2897,apple,green
2898,cherry,red
2899,apple,yellow
2900,banana,green
2901,banana,green
2902,apple,green
2903,cherry,purple
2904,banana,green
2905,banana,yellow
2906,banana,yellow
2907,banana,yellow
2908,apple,red
2909,banana,yellow
2910,apple,red
2911,banana,green
2912,apple,yellow
2913,apple,red
2914,apple,yellow
2915,apple,yellow
2916,banana,yellow
2917,cherry,red
2918,banana,yellow
2919,apple,yellow
2920,apple,yellow
2921,cherry,red
2922,cherry,red
2923,apple,green
2924,banana,yellow
2925,banana,green
2926,cherry,purple
2927,apple,red
2928,apple,red
2929,apple,green
2930,cherry,purple
2931,cherry,purple
2932,apple,red
2933,banana,yellow
2934,banana,yellow
2935,banana,yellow
2936,apple,green
2937,apple,yellow
2938,apple,green
2939,banana,yellow
2940,apple,red
2941,banana,green
2942,cherry,red
2943,cherry,red
2944,banana,yellow
2945,cherry,purple
2946,apple,yellow
2947,apple,green
2948,banana,green
2949,banana,green
2950,cherry,red
2951,banana,yellow
2952,apple,yellow
2953,cherry,purple
2954,apple,yellow
2955,cherry,purple
2956,apple,green
2957,banana,yellow
2958,apple,green
2959,apple,green
2960,cherry,purple
2961,banana,yellow
2962,banana,green
2963,banana,green
2964,banana,yellow
2965,banana,green
2966,banana,green
2967,banana,yellow
2968,apple,red
2969,banana,yellow
2970,banana,yellow
2971,cherry,purple
2972,banana,green
2973,cherry,red
2974,apple,red
2975,apple,yellow
2976,apple,red
2977,apple,yellow
2978,banana,green
2979,cherry,red
2980,banana,yellow
2981,cherry,red
2982,banana,green
2983,banana,green
2984,cherry,red
2985,apple,yellow
2986,apple,red
2987,banana,green
2988,cherry,red
2989,banana,yellow
2990,cherry,red
2991,cherry,red
2992,apple,yellow
2993,cherry,red
2994,apple,red
2995,banana,green
2996,apple,yellow
2997,banana,yellow
2998,apple,red
2999,cherry,red
3000,apple,red
3001,apple,green
3002,apple,green
3003,banana,green
3004,apple,yellow
3005,apple,red
3006,cherry,purple
3007,cherry,red
3008,cherry,red
3009,apple,red
3010,cherry,purple
3011,banana,green
3012,banana,yellow
3013,apple,green
3014,banana,green
3015,apple,red
3016,banana,yellow
3017,banana,green
3018,banana,yellow
3019,banana,green
3020,apple,red
3021,banana,yellow
3022,apple,yellow
3023,cherry,purple
3024,cherry,red
3025,banana,yellow
3026,apple,red
3027,apple,red
3028,banana,green
3029,banana,yellow
3030,banana,yellow
3031,apple,green
3032,apple,green
3033,apple,yellow
3034,cherry,purple
3035,apple,yellow
3036,apple,yellow
3037,apple,red
3038,banana,yellow
3039,apple,red
3040,banana,green
3041,banana,green
3042,apple,red
3043,apple,red
3044,apple,green
3045,cherry,purple
3046,cherry,red
3047,banana,green
3048,apple,green
3049,apple,yellow
3050,banana,green
3051,apple,green
3052,banana,green
3053,cherry,red
3054,apple,red
3055,banana,yellow
3056,apple,red
3057,cherry,purple
3058,banana,green
3059,apple,green
3060,banana,yellow
3061,banana,yellow
3062,apple,yellow
3063,banana,yellow
3064,banana,green
3065,apple,yellow
3066,banana,yellow
3067,apple,green
3068,banana,yellow
3069,cherry,red
3070,banana,yellow
3071,apple,green
3072,banana,yellow
3073,banana,green
3074,banana,yellow
3075,banana,yellow
3076,apple,red
3077,banana,green
3078,cherry,red
3079,apple,red
3080,banana,yellow
3081,apple,yellow
3082,apple,yellow
3083,banana,yellow
3084,cherry,purple
3085,cherry,purple
3086,apple,green
3087,banana,yellow
3088,cherry,red
3089,apple,yellow
3090,apple,red
3091,apple,green
3092,banana,yellow
3093,cherry,red
3094,banana,green
3095,banana,yellow
3096,banana,green
3097,cherry,red
3098,apple,green
3099,banana,green
3100,apple,yellow
3101,banana,yellow
3102,banana,yellow
3103,apple,green
3104,apple,red
3105,banana,yellow
3106,cherry,red
3107,apple,green
3108,banana,green
3109,apple,red
3110,apple,green
3111,banana,yellow
3112,banana,green
3113,banana,green
3114,cherry,red
3115,apple,green
3116,apple,green
3117,cherry,purple
3118,cherry,red
3119,apple,green
3120,apple,red
3121,banana,yellow
3122,banana,yellow
3123,apple,yellow
3124,banana,yellow
3125,banana,green
3126,banana,yellow
3127,apple,red
3128,apple,red
3129,cherry,purple
3130,banana,green
3131,banana,green
3132,banana,green
3133,banana,yellow
3134,cherry,purple
3135,apple,green
3136,apple,green
3137,cherry,red
3138,apple,green
3139,banana,yellow
3140,banana,yellow
3141,banana,green
3142,apple,red
3143,cherry,red
3144,apple,red
3145,apple,green
3146,banana,green
3147,apple,red
3148,apple,yellow
3149,apple,green
3150,cherry,red
3151,apple,yellow
3152,cherry,purple
3153,apple,red
3154,banana,green
3155,cherry,purple
3156,cherry,red
3157,apple,yellow
3158,banana,green
3159,banana,green
3160,banana,green
3161,cherry,red
3162,cherry,purple
3163,apple,red
3164,banana,yellow
3165,apple,yellow
3166,apple,red
3167,banana,yellow
3168,banana,yellow
3169,apple,yellow
3170,banana,yellow
3171,cherry,purple
3172,apple,red
3173,banana,green
3174,banana,yellow
3175,cherry,purple
3176,apple,green
3177,banana,yellow
3178,cherry,purple
3179,apple,yellow
3180,cherry,purple
3181,apple,red
3182,apple,green
3183,apple,green
3184,cherry,red
3185,apple,green
3186,banana,green
3187,cherry,purple
3188,apple,yellow
3189,cherry,purple
3190,banana,green
3191,apple,yellow
3192,banana,yellow
3193,apple,green
3194,cherry,purple
3195,apple,yellow
3196,cherry,red
3197,apple,yellow
3198,cherry,purple
3199,apple,green
3200,banana,yellow
3201,apple,green
3202,apple,green
3203,apple,green
3204,cherry,purple
3205,banana,green
3206,apple,red
3207,apple,green
3208,cherry,purple
3209,apple,yellow
3210,cherry,purple
3211,apple,yellow
3212,banana,yellow
3213,apple,green
3214,banana,yellow
3215,banana,green
3216,banana,green
3217,cherry,purple
3218,cherry,red
3219,apple,yellow
3220,banana,green
3221,apple,red
3222,apple,green
3223,cherry,red
3224,apple,red
3225,apple,green
3226,banana,green
3227,apple,green
3228,banana,yellow
3229,banana,yellow
3230,cherry,red
3231,banana,green
3232,cherry,purple
3233,apple,yellow
3234,banana,yellow
3235,banana,green
3236,cherry,red
3237,apple,green
3238,apple,green
3239,banana,yellow
3240,apple,red
3241,banana,yellow
3242,cherry,red
3243,banana,yellow
3244,apple,red
3245,cherry,purple
3246,apple,yellow
3247,apple,green
3248,cherry,purple
3249,apple,green
3250,apple,red
3251,apple,yellow
3252,apple,red
3253,apple,red
3254,apple,red
3255,banana,yellow
3256,apple,green
3257,cherry,red
3258,apple,red
3259,cherry,red
3260,banana,green
3261,apple,green
3262,banana,yellow
3263,cherry,red
3264,banana,yellow
3265,apple,green
3266,apple,red
3267,cherry,purple
3268,cherry,purple
3269,apple,yellow
3270,cherry,red
3271,banana,yellow
3272,apple,yellow
3273,cherry,red
3274,banana,green
3275,apple,yellow
3276,apple,yellow
3277,apple,red
3278,cherry,purple
3279,apple,yellow
3280,apple,yellow
3281,cherry,red
3282,cherry,purple
3283,banana,yellow
3284,banana,green
3285,apple,red
3286,banana,green
3287,cherry,purple
3288,banana,yellow
3289,apple,green
3290,apple,green
3291,banana,green
3292,banana,green
3293,apple,green
3294,apple,green
3295,apple,red
3296,cherry,purple
3297,cherry,purple
3298,apple,yellow
3299,banana,yellow
3300,apple,yellow
3301,banana,yellow
3302,apple,green
3303,banana,yellow
3304,banana,yellow
3305,apple,red
3306,apple,yellow
3307,cherry,purple
3308,apple,green
3309,banana,green
3310,cherry,purple
3311,cherry,purple
3312,apple,yellow
3313,banana,green
3314,cherry,purple
3315,apple,green
3316,apple,green
3317,banana,yellow
3318,banana,yellow
3319,apple,yellow
3320,apple,red
3321,banana,yellow
3322,cherry,purple
3323,banana,green
3324,apple,yellow
3325,banana,yellow
3326,banana,green
3327,cherry,red
3328,apple,green
3329,banana,green
3330,banana,yellow
3331,cherry,red
3332,cherry,red
3333,apple,green
3334,cherry,purple
3335,banana,yellow
3336,apple,yellow
3337,cherry,purple
3338,cherry,red
3339,banana,yellow
3340,apple,green
3341,banana,yellow
3342,banana,green
3343,banana,green
3344,banana,yellow
3345,banana,green
3346,apple,yellow
3347,cherry,purple
3348,cherry,purple
3349,apple,red
3350,banana,yellow
3351,cherry,purple
3352,cherry,red
3353,cherry,purple
3354,apple,green
3355,apple,green
3356,banana,yellow
3357,banana,yellow
3358,apple,green
3359,banana,yellow
3360,cherry,red
3361,apple,red
3362,banana,yellow
3363,banana,green
3364,banana,green
3365,apple,yellow
3366,banana,yellow
3367,cherry,purple
3368,banana,green
3369,banana,green
3370,apple,yellow
3371,apple,green
3372,banana,green
3373,apple,green
3374,apple,green
3375,apple,yellow
3376,cherry,red
3377,cherry,red
3378,apple,red
3379,apple,yellow
3380,banana,yellow
3381,banana,yellow
3382,banana,yellow
3383,banana,green
3384,apple,yellow
3385,banana,yellow
3386,apple,red
3387,banana,green
3388,banana,green
3389,banana,green
3390,apple,green
3391,apple,yellow
3392,banana,yellow
3393,cherry,red
3394,banana,yellow
3395,banana,green
3396,apple,yellow
3397,banana,green
3398,cherry,red
3399,banana,green
3400,banana,yellow
3401,apple,yellow
3402,cherry,purple
3403,banana,yellow
3404,banana,green
3405,apple,green
3406,banana,green
3407,banana,yellow
3408,banana,yellow
3409,apple,red
3410,apple,green
3411,banana,green
3412,banana,yellow
3413,apple,green
3414,apple,green
3415,cherry,purple
3416,banana,yellow
3417,banana,yellow
3418,cherry,purple
3419,cherry,red
3420,cherry,red
3421,apple,green
3422,cherry,purple
3423,cherry,red
3424,apple,yellow
3425,cherry,red
3426,apple,yellow
3427,banana,yellow
3428,banana,green
3429,banana,yellow
3430,apple,red
3431,cherry,purple
3432,apple,yellow
3433,banana,yellow
3434,cherry,red
3435,apple,red
3436,apple,green
3437,banana,green
3438,cherry,red
3439,banana,green
3440,banana,yellow
3441,apple,green
3442,banana,yellow
3443,cherry,red
3444,apple,yellow
3445,apple,green
3446,apple,yellow
3447,apple,yellow
3448,banana,yellow
3449,banana,yellow
3450,apple,green
3451,apple,yellow
3452,apple,yellow
3453,apple,red
3454,cherry,purple
3455,apple,green
3456,cherry,purple
3457,apple,red
3458,apple,red
3459,cherry,purple
3460,cherry,purple
3461,cherry,purple
3462,cherry,purple
3463,banana,green
3464,cherry,purple
3465,banana,yellow
3466,cherry,purple
3467,banana,green
3468,banana,green
3469,banana,yellow
3470,cherry,red
3471,banana,yellow
3472,apple,red
3473,banana,green
3474,banana,yellow
3475,apple,yellow
3476,banana,yellow
3477,cherry,purple
3478,cherry,purple
3479,banana,yellow
3480,apple,yellow
3481,banana,green
3482,cherry,red
3483,apple,green
3484,apple,green
3485,cherry,red
3486,apple,red
3487,cherry,red
3488,cherry,purple
3489,apple,yellow
3490,cherry,red
3491,banana,green
3492,banana,yellow
3493,apple,green
3494,apple,yellow
3495,apple,yellow
3496,banana,green
3497,cherry,purple
3498,apple,yellow
3499,apple,green
3500,apple,green
3501,apple,green
3502,cherry,red
3503,cherry,purple
3504,banana,yellow
3505,banana,green
3506,cherry,red
3507,apple,green
3508,apple,green
3509,cherry,purple
3510,banana,green
3511,apple,green
3512,apple,green
3513,cherry,purple
3514,banana,green
3515,banana,green
3516,apple,yellow
3517,apple,green
3518,cherry,purple
3519,cherry,red
3520,apple,yellow
3521,banana,green
3522,cherry,purple
3523,apple,yellow
3524,apple,red
3525,apple,yellow
3526,banana,green
3527,cherry,red
3528,apple,yellow
3529,banana,yellow
3530,apple,green
3531,apple,red
3532,banana,green
3533,banana,green
3534,apple,green
3535,banana,green
3536,banana,green
3537,cherry,purple
3538,banana,green
3539,cherry,red
3540,banana,green
3541,apple,red
3542,apple,red
3543,apple,green
3544,apple,green
3545,banana,green
3546,apple,green
3547,cherry,purple
3548,banana,yellow
3549,cherry,red
3550,apple,red
3551,apple,green
3552,apple,red
3553,banana,green
3554,banana,yellow
3555,banana,yellow
3556,banana,yellow
3557,banana,yellow
3558,apple,green
3559,banana,green
3560,apple,yellow
3561,cherry,red
3562,apple,yellow
3563,cherry,red
3564,cherry,red
3565,apple,green
3566,cherry,purple
3567,banana,green
3568,banana,yellow
3569,apple,red
3570,banana,green
3571,apple,yellow
3572,cherry,red
3573,apple,red
3574,cherry,purple
3575,apple,red
3576,banana,green
3577,apple,green
3578,apple,green
3579,apple,red
3580,apple,green
3581,apple,yellow
3582,apple,green
3583,banana,green
3584,banana,green
3585,cherry,red
3586,apple,red
3587,cherry,red
3588,banana,green
3589,banana,green
3590,apple,green
3591,cherry,red
3592,banana,green
3593,apple,yellow
3594,apple,green
3595,banana,yellow
3596,cherry,red
3597,apple,green
3598,apple,green
3599,apple,red
3600,banana,green
3601,cherry,purple
3602,apple,red
3603,banana,yellow
3604,banana,green
3605,banana,green
3606,banana,green
3607,apple,yellow
3608,apple,yellow
3609,apple,yellow
3610,banana,yellow
3611,cherry,purple
3612,apple,green
3613,cherry,purple
3614,apple,yellow
3615,banana,green
3616,banana,green
3617,apple,red
3618,apple,red
3619,banana,green
3620,cherry,red
3621,banana,yellow
3622,apple,red
3623,apple,yellow
3624,banana,green
3625,cherry,purple
3626,apple,yellow
3627,apple,yellow
3628,cherry,purple
3629,cherry,red
3630,apple,red
3631,apple,red
3632,banana,yellow
3633,cherry,red
3634,banana,yellow
3635,banana,green
3636,cherry,red
3637,apple,green
3638,apple,green
3639,apple,red
3640,cherry,purple
3641,cherry,purple
3642,apple,green
3643,banana,yellow
3644,apple,green
3645,apple,red
3646,apple,yellow
3647,banana,green
3648,cherry,purple
3649,apple,green
3650,banana,green
3651,apple,red
3652,banana,green
3653,banana,yellow
3654,apple,yellow
3655,banana,green
3656,apple,yellow
3657,cherry,purple
3658,banana,green
3659,apple,green
3660,banana,green
3661,apple,red
3662,banana,green
3663,cherry,purple
3664,apple,green
3665,banana,green
3666,cherry,purple
3667,cherry,red
3668,banana,green
3669,banana,yellow
3670,banana,yellow
3671,apple,red
3672,banana,yellow
3673,cherry,purple
3674,apple,red
3675,banana,yellow
3676,apple,green
3677,apple,red
3678,apple,yellow
3679,apple,red
3680,apple,red
3681,banana,yellow
3682,banana,green
3683,apple,green
3684,cherry,red
3685,cherry,purple
3686,cherry,red
3687,banana,green
3688,cherry,red
3689,cherry,red
3690,cherry,red
3691,banana,yellow
3692,banana,yellow
3693,cherry,red
3694,banana,green
3695,cherry,purple
3696,banana,yellow
3697,apple,green
3698,apple,red
3699,apple,red
3700,banana,green
3701,cherry,red
3702,apple,green
3703,apple,yellow
3704,apple,green
3705,apple,green
3706,apple,yellow
3707,apple,yellow
3708,banana,yellow
3709,apple,green
3710,banana,green
3711,cherry,purple
3712,cherry,purple
3713,apple,red
3714,banana,yellow
3715,apple,green
3716,banana,yellow
3717,banana,green
3718,cherry,red
3719,cherry,red
3720,cherry,purple
3721,banana,green
3722,banana,green
3723,cherry,red
3724,cherry,red
3725,banana,green
3726,banana,green
3727,banana,green
3728,cherry,purple
3729,apple,yellow
3730,apple,yellow
3731,banana,yellow
3732,banana,green
3733,apple,yellow
3734,banana,green
3735,cherry,red
3736,apple,yellow
3737,banana,yellow
3738,cherry,purple
3739,banana,yellow
3740,banana,green
3741,apple,yellow
3742,apple,red
3743,cherry,red
3744,banana,yellow
3745,banana,yellow
3746,cherry,red
3747,apple,green
3748,banana,yellow
3749,banana,yellow
3750,apple,yellow
3751,banana,green
3752,banana,yellow
3753,banana,green
3754,apple,red
3755,banana,yellow
3756,banana,green
3757,apple,yellow
3758,banana,green
3759,cherry,purple
3760,banana,green
3761,banana,green
3762,banana,green
3763,cherry,red
3764,banana,green
3765,banana,yellow
3766,cherry,red
3767,banana,green
3768,banana,yellow
3769,cherry,purple
3770,cherry,red
3771,banana,green
3772,apple,green
3773,banana,yellow
3774,banana,yellow
3775,apple,green
3776,apple,green
3777,apple,red
3778,apple,yellow
3779,banana,green
3780,cherry,red
3781,apple,yellow
3782,banana,yellow
3783,banana,yellow
3784,cherry,purple
3785,banana,green
3786,banana,green
3787,cherry,purple
3788,cherry,red
3789,cherry,purple
3790,cherry,purple
3791,apple,yellow
3792,apple,yellow
3793,banana,green
3794,apple,green
3795,apple,red
3796,cherry,purple
3797,banana,yellow
3798,cherry,red
3799,banana,green
3800,banana,yellow
3801,banana,yellow
3802,apple,yellow
3803,banana,yellow
3804,cherry,red
3805,cherry,red
3806,apple,yellow
3807,apple,red
3808,apple,red
3809,apple,yellow
3810,cherry,purple
3811,apple,yellow
3812,banana,green
3813,banana,green
3814,cherry,red
3815,apple,red
3816,banana,green
3817,apple,red
3818,apple,red
3819,banana,green
3820,apple,green
3821,cherry,red
3822,apple,green
3823,banana,yellow
3824,banana,green
3825,apple,yellow
3826,apple,green
3827,apple,red
3828,banana,green
3829,apple,red
3830,apple,red
3831,cherry,red
3832,banana,green
3833,cherry,purple
3834,apple,green
3835,banana,yellow
3836,banana,green
3837,banana,yellow
3838,apple,yellow
3839,banana,yellow
3840,cherry,red
3841,apple,green
3842,banana,yellow
3843,cherry,red
3844,apple,red
3845,cherry,purple
3846,cherry,purple
3847,apple,green
3848,cherry,purple
3849,banana,yellow
3850,apple,green
3851,apple,green
3852,cherry,purple
3853,cherry,red
3854,banana,green
3855,apple,yellow
3856,banana,yellow
3857,apple,green
3858,banana,yellow
3859,banana,green
3860,cherry,red
3861,banana,green
3862,cherry,purple
3863,banana,green
3864,apple,yellow
3865,cherry,purple
3866,apple,yellow
3867,apple,yellow
3868,apple,red
3869,banana,yellow
3870,cherry,red
3871,banana,green
3872,cherry,red
3873,cherry,red
3874,banana,green
3875,banana,green
3876,cherry,purple
3877,cherry,purple
3878,apple,yellow
3879,cherry,red
3880,banana,yellow
3881,banana,yellow
3882,banana,green
3883,banana,green
3884,apple,yellow
3885,banana,yellow
3886,apple,green
3887,cherry,red
3888,apple,yellow
3889,banana,yellow
3890,apple,yellow
3891,apple,green
3892,banana,green
3893,apple,red
3894,banana,yellow
3895,apple,red
3896,banana,yellow
3897,apple,yellow
3898,cherry,purple
3899,apple,yellow
3900,apple,yellow
3901,banana,green
3902,banana,green
3903,apple,green
3904,banana,yellow
3905,cherry,purple
3906,banana,green
3907,apple,yellow
3908,banana,green
3909,apple,red
3910,cherry,red
3911,apple,green
3912,banana,green
3913,apple,red
3914,apple,yellow
3915,cherry,red
3916,cherry,purple
3917,cherry,red
3918,apple,green
3919,apple,yellow
3920,banana,yellow
3921,banana,yellow
3922,banana,green
3923,cherry,red
3924,apple,red
3925,cherry,red
3926,cherry,red
3927,cherry,purple
3928,cherry,purple
3929,banana,yellow
3930,cherry,red
3931,apple,yellow
3932,apple,red
3933,apple,green
3934,apple,yellow
3935,banana,yellow
3936,apple,red
3937,banana,green
3938,cherry,purple
3939,apple,green
3940,apple,yellow
3941,cherry,red
3942,banana,green
3943,cherry,red
3944,apple,yellow
3945,cherry,purple
3946,banana,yellow
3947,apple,red
3948,banana,yellow
3949,banana,yellow
3950,cherry,red
3951,banana,green
3952,apple,green
3953,banana,green
3954,apple,red
3955,cherry,red
3956,apple,yellow
3957,banana,green
3958,apple,yellow
3959,cherry,red
3960,banana,green
3961,apple,red
3962,banana,yellow
3963,apple,yellow
3964,cherry,red
3965,banana,yellow
3966,cherry,red
3967,cherry,purple
3968,apple,green
3969,banana,green
3970,banana,green
3971,cherry,purple
3972,banana,green
3973,apple,red
3974,banana,yellow
3975,banana,yellow
3976,banana,yellow
3977,banana,yellow
3978,apple,yellow
3979,cherry,purple
3980,cherry,purple
3981,apple,red
3982,cherry,red
3983,apple,red
3984,apple,yellow
3985,apple,green
3986,banana,green
3987,apple,red
3988,apple,green
3989,apple,green
3990,banana,green
3991,cherry,red
3992,apple,red
3993,apple,green
3994,cherry,red
3995,cherry,red
3996,apple,red
3997,apple,red
3998,apple,red
3999,apple,green
4000,banana,green
4001,cherry,red
4002,apple,red
4003,cherry,red
4004,banana,green
4005,apple,green
4006,cherry,red
4007,cherry,red
4008,cherry,purple
4009,cherry,purple
4010,apple,yellow
4011,cherry,red
4012,cherry,purple
4013,apple,red
4014,cherry,red
4015,apple,green
4016,cherry,purple
4017,banana,green
4018,apple,yellow
4019,apple,yellow
4020,banana,green
4021,banana,green
4022,banana,yellow
4023,apple,red
4024,banana,yellow
4025,apple,green
4026,banana,green
4027,banana,green
4028,apple,red
4029,apple,red
4030,apple,yellow
4031,apple,yellow
4032,apple,yellow
4033,banana,green
4034,banana,green
4035,banana,green
4036,apple,green
4037,apple,green
4038,apple,yellow
4039,apple,red
4040,apple,yellow
4041,banana,yellow
4042,cherry,red
4043,apple,red
4044,apple,yellow
4045,apple,red
4046,banana,green
4047,apple,yellow
4048,cherry,red
4049,banana,yellow
4050,cherry,purple
4051,apple,green
4052,apple,green
4053,cherry,purple
4054,cherry,red
4055,banana,yellow
4056,cherry,red
4057,apple,yellow
4058,apple,red
4059,banana,green
4060,banana,green
4061,apple,red
4062,apple,red
4063,banana,green
4064,apple,green
4065,cherry,red
4066,apple,yellow
4067,cherry,purple
4068,cherry,red
4069,banana,green
4070,apple,green
4071,banana,green
4072,cherry,purple
4073,apple,red
4074,banana,yellow
4075,cherry,red
4076,cherry,purple
4077,banana,green
4078,cherry,red
4079,cherry,red
4080,banana,yellow
4081,banana,green
4082,banana,green
4083,banana,green
4084,apple,red
4085,banana,yellow
4086,apple,yellow
4087,banana,yellow
4088,apple,red
4089,cherry,purple
4090,apple,red
4091,apple,yellow
4092,apple,red
4093,apple,red
4094,apple,green
4095,apple,red
4096,apple,green
4097,banana,yellow
4098,apple,red
4099,apple,red
4100,apple,yellow
4101,banana,yellow
4102,banana,green
4103,banana,green
4104,apple,red
4105,cherry,purple
4106,apple,green
4107,banana,yellow
4108,banana,green
4109,banana,yellow
4110,banana,green
4111,banana,green
4112,apple,yellow
4113,cherry,purple
4114,banana,yellow
4115,banana,yellow
4116,cherry,purple
4117,banana,yellow
4118,banana,yellow
4119,apple,red
4120,apple,red
4121,apple,yellow
4122,banana,yellow
4123,banana,yellow
4124,cherry,purple
4125,cherry,red
4126,cherry,red
4127,cherry,purple
4128,banana,yellow
4129,apple,yellow
4130,apple,red
4131,apple,yellow
4132,banana,green
4133,apple,yellow
4134,apple,red
4135,apple,red
4136,apple,yellow
4137,cherry,purple
4138,banana,green
4139,banana,yellow
4140,apple,yellow
4141,apple,green
4142,apple,green
4143,cherry,red
4144,cherry,red
4145,apple,red
4146,banana,green
4147,apple,yellow
4148,cherry,purple
4149,apple,green
4150,apple,yellow
4151,apple,yellow
4152,banana,green
4153,banana,yellow
4154,apple,green
4155,banana,yellow
4156,apple,green
4157,cherry,red
4158,apple,red
4159,apple,red
4160,banana,yellow
4161,apple,red
4162,banana,yellow
4163,apple,red
4164,cherry,red
4165,banana,yellow
4166,banana,yellow
4167,cherry,purple
4168,banana,yellow
4169,banana,green
4170,cherry,red
4171,apple,red
4172,apple,red
4173,apple,yellow
4174,apple,green
4175,apple,red
4176,apple,green
4177,banana,green
4178,apple,red
4179,banana,green
4180,cherry,red
4181,banana,yellow
4182,apple,red
4183,banana,green
4184,banana,yellow
4185,apple,yellow
4186,cherry,purple
4187,cherry,purple
4188,apple,red
4189,banana,green
4190,apple,yellow
4191,banana,yellow
4192,apple,yellow
4193,cherry,red
4194,apple,yellow
4195,banana,yellow
4196,banana,yellow
4197,apple,green
4198,apple,red
4199,apple,yellow
4200,apple,yellow
4201,banana,green
4202,banana,green
4203,apple,green
4204,banana,yellow
4205,banana,green
4206,banana,green
4207,cherry,red
4208,cherry,purple
4209,apple,red
4210,banana,yellow
4211,cherry,red
4212,banana,green
4213,banana,yellow
4214,banana,yellow
4215,apple,green
4216,apple,red
4217,apple,red
4218,cherry,red
4219,apple,yellow
4220,banana,yellow
4221,apple,red
4222,banana,green
4223,apple,yellow
4224,apple,green
4225,apple,red
4226,apple,yellow
4227,banana,yellow
4228,apple,green
4229,apple,green
4230,apple,red
4231,banana,green
4232,banana,green
4233,cherry,purple
4234,apple,green
4235,banana,yellow
4236,cherry,purple
4237,banana,yellow
4238,banana,yellow
4239,apple,green
4240,apple,green
4241,apple,yellow
4242,banana,green
4243,apple,green
4244,apple,red
4245,apple,yellow
4246,banana,green
4247,banana,green
4248,cherry,purple
4249,apple,green
4250,banana,yellow
4251,banana,yellow
4252,cherry,red
4253,apple,yellow
4254,apple,green
4255,cherry,purple
4256,banana,green
4257,banana,green
4258,banana,green
4259,cherry,red
4260,apple,red
4261,cherry,purple
4262,banana,yellow
4263,banana,yellow
4264,apple,green
4265,cherry,red
4266,apple,yellow
4267,banana,yellow
4268,apple,red
4269,banana,green
4270,apple,yellow
4271,cherry,red
4272,banana,yellow
4273,cherry,red
4274,cherry,purple
4275,banana,green
4276,banana,green
4277,cherry,red
4278,apple,yellow
4279,cherry,purple
4280,cherry,purple
4281,banana,green
4282,banana,yellow
4283,cherry,purple
4284,apple,red
4285,cherry,purple
4286,banana,green
4287,banana,yellow
4288,apple,red
4289,banana,yellow
4290,banana,yellow
4291,banana,yellow
4292,apple,red
4293,banana,yellow
4294,apple,green
4295,banana,yellow
4296,cherry,red
4297,apple,red
4298,apple,green
4299,apple,red
4300,banana,green
4301,banana,yellow
4302,apple,green
4303,cherry,red
4304,banana,yellow
4305,apple,yellow
4306,cherry,purple
4307,banana,green
4308,cherry,purple
4309,cherry,purple
4310,apple,yellow
4311,cherry,purple
4312,cherry,purple
4313,banana,green
4314,banana,green
4315,cherry,red
4316,apple,yellow
4317,banana,yellow
4318,apple,red
4319,cherry,purple
4320,cherry,red
4321,apple,yellow
4322,banana,green
4323,banana,yellow
4324,apple,yellow
4325,cherry,purple
4326,apple,green
4327,cherry,purple
4328,banana,yellow
4329,banana,green
4330,banana,yellow
4331,apple,green
4332,cherry,red
4333,banana,green
4334,banana,yellow
4335,cherry,red
4336,apple,red
4337,apple,yellow
4338,cherry,purple
4339,apple,green
4340,cherry,purple
4341,banana,yellow
4342,apple,red
4343,cherry,red
4344,apple,yellow
4345,apple,green
4346,cherry,purple
4347,apple,green
4348,banana,yellow
4349,banana,green
4350,apple,yellow
4351,apple,red
4352,cherry,red
4353,banana,green
4354,cherry,purple
4355,banana,green
4356,cherry,red
4357,apple,green
4358,apple,red
4359,apple,yellow
4360,cherry,red
4361,banana,yellow
4362,cherry,purple
4363,banana,yellow
4364,apple,yellow
4365,banana,green
4366,cherry,purple
4367,cherry,red
4368,banana,yellow
4369,apple,red
4370,banana,green
4371,apple,green
4372,cherry,purple
4373,banana,yellow
4374,banana,yellow
4375,banana,yellow
4376,banana,green
4377,banana,yellow
4378,apple,yellow
4379,banana,yellow
4380,banana,green
4381,apple,green
4382,apple,yellow
4383,apple,yellow
4384,cherry,red
4385,banana,yellow
4386,cherry,red
4387,cherry,purple
4388,apple,yellow
4389,cherry,red
4390,cherry,purple
4391,apple,yellow
4392,banana,green
4393,cherry,purple
4394,apple,yellow
4395,apple,yellow
4396,cherry,purple
4397,apple,green
4398,cherry,red
4399,cherry,purple
4400,banana,yellow
4401,banana,green
4402,banana,green
4403,cherry,red
4404,apple,yellow
4405,apple,yellow
4406,apple,yellow
4407,cherry,red
4408,banana,yellow
4409,apple,green
4410,banana,yellow
4411,cherry,red
4412,apple,green
4413,apple,red
4414,apple,yellow
4415,banana,green
4416,cherry,purple
4417,apple,red
4418,apple,green
4419,apple,yellow
4420,cherry,purple
4421,cherry,red
4422,cherry,purple
4423,apple,yellow
4424,banana,yellow
4425,apple,red
4426,apple,yellow
4427,banana,yellow
4428,apple,yellow
4429,cherry,purple
4430,apple,yellow
4431,apple,yellow
4432,apple,green
4433,cherry,purple
4434,apple,red
4435,apple,red
4436,banana,yellow
4437,banana,yellow
4438,apple,yellow
4439,cherry,purple
4440,apple,yellow
4441,banana,yellow
4442,cherry,red
4443,cherry,red
4444,apple,yellow
4445,banana,yellow
4446,banana,green
4447,apple,red
4448,banana,yellow
4449,apple,green
4450,cherry,red
4451,apple,red
4452,banana,green
4453,cherry,red
4454,banana,yellow
4455,apple,red
4456,cherry,purple
4457,banana,green
4458,apple,green
4459,banana,green
4460,banana,yellow
4461,banana,yellow
4462,apple,red
4463,apple,red
4464,cherry,red
4465,banana,green
4466,apple,yellow
4467,banana,green
4468,apple,yellow
4469,cherry,purple
4470,banana,green
4471,banana,yellow
4472,banana,yellow
4473,banana,green
4474,cherry,red
4475,banana,yellow
4476,banana,yellow
4477,apple,green
4478,apple,yellow
4479,apple,green
4480,apple,red
4481,banana,green
4482,apple,yellow
4483,apple,green
4484,cherry,red
4485,cherry,red
4486,apple,red
4487,apple,red
4488,apple,red
4489,cherry,red
4490,apple,yellow
4491,cherry,purple
4492,apple,green
4493,banana,green
4494,banana,yellow
4495,cherry,red
4496,apple,green
4497,apple,yellow
4498,banana,green
4499,banana,yellow
4500,apple,yellow
4501,banana,yellow
4502,banana,yellow
4503,apple,yellow
4504,apple,yellow
4505,banana,green
4506,banana,yellow
4507,banana,green
4508,banana,yellow
4509,banana,green
4510,cherry,purple
4511,apple,green
4512,banana,yellow
4513,apple,red
4514,cherry,purple
4515,cherry,red
4516,banana,yellow
4517,banana,yellow
4518,apple,red
4519,apple,green
4520,banana,green
4521,cherry,red
4522,cherry,purple
4523,banana,yellow
4524,banana,yellow
4525,banana,yellow
4526,cherry,red
4527,banana,green
4528,apple,yellow
4529,banana,yellow
4530,banana,yellow
4531,banana,yellow
4532,apple,green
4533,cherry,purple
4534,cherry,purple
4535,banana,yellow
4536,apple,red
4537,apple,yellow
4538,apple,yellow
4539,cherry,red
4540,apple,green
4541,apple,red
4542,apple,yellow
4543,banana,yellow
4544,cherry,red
4545,cherry,purple
4546,apple,red
4547,banana,green
4548,apple,red
4549,apple,yellow
4550,apple,green
4551,apple,green
4552,banana,yellow
4553,banana,yellow
4554,banana,green
4555,apple,yellow
4556,apple,green
4557,apple,green
4558,apple,red
4559,banana,green
4560,apple,green
4561,banana,green
4562,apple,green
4563,banana,yellow
4564,apple,yellow
4565,apple,red
4566,apple,red
4567,apple,yellow
4568,apple,red
4569,apple,red
4570,cherry,purple
4571,apple,green
4572,banana,yellow
4573,apple,green
4574,banana,green
4575,apple,red
4576,cherry,red
4577,apple,yellow
4578,apple,yellow
4579,apple,yellow
4580,cherry,purple
4581,cherry,red
4582,banana,green
4583,apple,red
4584,cherry,red
4585,banana,yellow
4586,apple,red
4587,cherry,red
4588,banana,green
4589,apple,yellow
4590,cherry,red
4591,banana,yellow
4592,apple,yellow
4593,banana,yellow
4594,apple,red
4595,banana,green
4596,cherry,red
4597,banana,yellow
4598,apple,red
4599,apple,yellow
4600,apple,yellow
4601,cherry,red
4602,apple,green
4603,apple,green
4604,banana,green
4605,apple,green
4606,apple,green
4607,banana,yellow
4608,apple,red
4609,apple,red
4610,apple,yellow
4611,apple,green
4612,banana,yellow
4613,banana,green
4614,cherry,purple
4615,apple,red
4616,apple,red
4617,banana,yellow
4618,apple,yellow
4619,cherry,purple
4620,apple,green
4621,apple,green
4622,apple,red
4623,apple,yellow
4624,banana,yellow
4625,banana,yellow
4626,apple,green
4627,cherry,red
4628,cherry,purple
4629,apple,green
4630,cherry,red
4631,banana,yellow
4632,apple,red
4633,banana,green
4634,cherry,purple
4635,cherry,purple
4636,banana,yellow
4637,cherry,red
4638,banana,yellow
4639,apple,green
4640,banana,yellow
4641,apple,yellow
4642,apple,yellow
4643,apple,green
4644,banana,yellow
4645,apple,yellow
4646,apple,green
4647,banana,green
4648,apple,red
4649,apple,red
4650,banana,yellow
4651,cherry,purple
4652,banana,green
4653,apple,red
4654,apple,green
4655,banana,yellow
4656,apple,yellow
4657,apple,red
4658,banana,green
4659,cherry,purple
4660,cherry,red
4661,banana,yellow
4662,cherry,red
4663,banana,yellow
4664,banana,green
4665,apple,yellow
4666,cherry,purple
4667,banana,green
4668,cherry,purple
4669,apple,red
4670,banana,yellow
4671,cherry,red
4672,banana,green
4673,apple,red
4674,banana,yellow
4675,banana,green
4676,cherry,purple
4677,cherry,red
4678,cherry,red
4679,apple,red
4680,banana,green
4681,apple,red
4682,banana,green
4683,apple,green
4684,apple,red
4685,banana,yellow
4686,apple,green
4687,cherry,red
4688,banana,yellow
4689,apple,red
4690,cherry,red
4691,apple,red
4692,banana,green
4693,cherry,purple
4694,apple,yellow
4695,apple,red
4696,banana,green
4697,apple,red
4698,cherry,red
4699,apple,red
4700,apple,yellow
4701,banana,yellow
4702,cherry,red
4703,banana,green
4704,cherry,red
4705,apple,green
4706,cherry,purple
4707,cherry,purple
4708,apple,red
4709,apple,yellow
4710,banana,yellow
4711,apple,red
4712,apple,green
4713,apple,green
4714,apple,red
4715,apple,green
4716,apple,green
4717,banana,yellow
4718,cherry,purple
4719,banana,yellow
4720,banana,yellow
4721,apple,green
4722,apple,yellow
4723,apple,green
4724,cherry,red
4725,cherry,red
4726,apple,yellow
4727,apple,red
4728,banana,yellow
4729,cherry,purple
4730,banana,green
4731,apple,red
4732,apple,green
4733,banana,green
4734,cherry,red
4735,cherry,red
4736,cherry,red
4737,apple,green
4738,banana,green
4739,cherry,red
4740,banana,green
4741,apple,green
4742,cherry,red
4743,cherry,purple
4744,apple,green
4745,banana,green
4746,banana,green
4747,apple,yellow
4748,cherry,purple
4749,banana,green
4750,banana,green
4751,banana,yellow
4752,apple,yellow
4753,banana,yellow
4754,banana,yellow
4755,apple,red
4756,cherry,red
4757,apple,green
4758,cherry,red
4759,apple,green
4760,apple,red
4761,apple,red
4762,cherry,purple
4763,apple,red
4764,apple,red
4765,apple,yellow
4766,banana,green
4767,banana,green
4768,apple,yellow
4769,apple,yellow
4770,apple,yellow
4771,cherry,red
4772,apple,red
4773,apple,red
4774,apple,green
4775,apple,red
4776,banana,yellow
4777,banana,green
4778,banana,green
4779,banana,yellow
4780,apple,red
4781,apple,yellow
4782,apple,red
4783,banana,yellow
4784,apple,green
4785,banana,green
4786,banana,green
4787,cherry,purple
4788,banana,green
4789,cherry,purple
4790,cherry,purple
4791,cherry,red
4792,banana,green
4793,banana,yellow
4794,apple,yellow
4795,cherry,red
4796,cherry,purple
4797,banana,green
4798,cherry,red
4799,apple,green
4800,banana,yellow
4801,apple,red
4802,apple,yellow
4803,cherry,purple
4804,apple,green
4805,apple,red
4806,apple,yellow
4807,apple,green
4808,apple,red
4809,banana,yellow
4810,apple,red
4811,cherry,red
4812,banana,green
4813,apple,green
4814,apple,green
4815,apple,green
4816,cherry,purple
4817,banana,green
4818,cherry,purple
4819,cherry,red
4820,apple,yellow
4821,banana,yellow
4822,apple,green
4823,banana,yellow
4824,apple,red
4825,banana,yellow
4826,cherry,red
4827,cherry,red
4828,cherry,red
4829,cherry,red
4830,cherry,purple
4831,banana,yellow
4832,apple,green
4833,banana,green
4834,apple,yellow
4835,cherry,purple
4836,apple,yellow
4837,banana,yellow
4838,banana,green
4839,apple,red
4840,apple,green
4841,banana,yellow
4842,banana,green
4843,apple,green
4844,apple,green
4845,banana,green
4846,apple,red
4847,banana,green
4848,apple,green
4849,cherry,purple
4850,banana,yellow
4851,cherry,purple
4852,apple,green
4853,banana,yellow
4854,banana,green
4855,apple,yellow
4856,banana,green
4857,apple,yellow
4858,apple,yellow
4859,apple,red
4860,banana,yellow
4861,apple,red
4862,apple,red
4863,banana,yellow
4864,apple,green
4865,banana,green
4866,banana,green
4867,apple,red
4868,banana,green
4869,cherry,red
4870,banana,yellow
4871,apple,yellow
4872,banana,green
4873,apple,green
4874,apple,red
4875,cherry,red
4876,banana,green
4877,banana,green
4878,apple,green
4879,cherry,purple
4880,apple,red
4881,cherry,purple
4882,apple,yellow
4883,apple,red
4884,apple,green
4885,apple,yellow
4886,banana,green
4887,banana,green
4888,apple,red
4889,apple,green
4890,apple,green
4891,apple,green
4892,cherry,purple
4893,banana,yellow
4894,cherry,purple
4895,apple,yellow
4896,banana,yellow
4897,banana,yellow
4898,apple,yellow
4899,banana,yellow
4900,apple,yellow
4901,banana,green
4902,apple,green
4903,cherry,purple
4904,cherry,red
4905,cherry,purple
4906,apple,yellow
4907,apple,green
4908,cherry,red
4909,banana,yellow
4910,apple,yellow
4911,cherry,purple
4912,banana,yellow
4913,banana,yellow
4914,apple,red
4915,cherry,red
4916,apple,green
4917,apple,green
4918,banana,yellow
4919,banana,green
4920,banana,green
4921,apple,yellow
4922,banana,green
4923,apple,red
4924,banana,green
4925,apple,yellow
4926,apple,green
4927,apple,yellow
4928,banana,green
4929,banana,yellow
4930,cherry,red
4931,apple,red
4932,banana,green
4933,apple,yellow
4934,cherry,red
4935,banana,yellow
4936,banana,green
4937,apple,green
4938,banana,yellow
4939,apple,green
4940,cherry,purple
4941,cherry,purple
4942,banana,green
4943,apple,green
4944,cherry,purple
4945,apple,yellow
4946,apple,green
4947,banana,yellow
4948,cherry,purple
4949,apple,red
4950,apple,green
4951,cherry,purple
4952,apple,yellow
4953,cherry,red
4954,banana,green
4955,apple,yellow
4956,apple,red
4957,cherry,purple
4958,apple,yellow
4959,apple,yellow
4960,apple,green
4961,banana,green
4962,apple,yellow
4963,cherry,red
4964,banana,green
4965,cherry,purple
4966,cherry,red
4967,cherry,red
4968,apple,red
4969,banana,yellow
4970,apple,yellow
4971,banana,yellow
4972,banana,yellow
4973,banana,yellow
4974,cherry,purple
4975,apple,yellow
4976,cherry,purple
4977,apple,red
4978,banana,green
4979,cherry,red
4980,apple,red
4981,banana,yellow
4982,apple,yellow
4983,apple,red
4984,apple,red
4985,apple,green
4986,cherry,red
4987,apple,green
4988,cherry,purple
4989,apple,yellow
4990,apple,yellow
4991,banana,green
4992,banana,green
4993,cherry,red
4994,apple,red
4995,banana,yellow
4996,apple,green
4997,cherry,purple
4998,cherry,red
4999,apple,yellow
5000,apple,red
5001,apple,red
5002,banana,yellow
5003,apple,green
5004,apple,red
5005,apple,red
5006,apple,yellow
5007,banana,yellow
5008,apple,green
5009,apple,red
5010,apple,yellow
5011,banana,green
5012,banana,green
5013,banana,green
5014,cherry,purple
5015,apple,yellow
5016,cherry,purple
5017,cherry,red
5018,banana,green
5019,apple,red
5020,cherry,purple
5021,banana,green
5022,banana,green
5023,cherry,red
5024,banana,green
5025,apple,green
5026,apple,yellow
5027,cherry,purple
5028,apple,red
5029,cherry,purple
5030,banana,green
5031,banana,green
5032,apple,red
5033,apple,green
5034,banana,yellow
5035,apple,red
5036,apple,green
5037,apple,green
5038,apple,green
5039,banana,green
5040,apple,yellow
5041,cherry,red
5042,banana,green
5043,apple,red
5044,banana,yellow
5045,banana,yellow
5046,banana,green
5047,banana,green
5048,apple,green
5049,apple,red
5050,cherry,purple
5051,apple,green
5052,banana,yellow
5053,banana,green
5054,banana,yellow
5055,banana,green
5056,apple,yellow
5057,cherry,purple
5058,apple,green
5059,apple,yellow
5060,cherry,red
5061,apple,red
5062,apple,red
5063,cherry,purple
5064,banana,green
5065,apple,green
5066,banana,green
5067,banana,yellow
5068,apple,yellow
5069,cherry,purple
5070,cherry,red
5071,cherry,red
5072,apple,red
5073,cherry,red
5074,apple,green
5075,cherry,purple
5076,apple,red
5077,apple,green
5078,cherry,red
5079,cherry,red
5080,apple,red
5081,apple,green
5082,apple,green
5083,banana,green
5084,apple,red
5085,cherry,purple
5086,apple,green
5087,cherry,purple
5088,banana,yellow
5089,banana,yellow
5090,banana,green
5091,cherry,purple
5092,cherry,purple
5093,apple,green
5094,cherry,red
5095,apple,red
5096,banana,yellow
5097,banana,yellow
5098,cherry,red
5099,apple,yellow
5100,apple,green
5101,apple,red
5102,apple,yellow
5103,cherry,purple
5104,cherry,purple
5105,banana,yellow
5106,cherry,red
5107,cherry,red
5108,cherry,purple
5109,cherry,red
5110,cherry,red
5111,apple,green
5112,apple,green
5113,cherry,red
5114,apple,red
5115,banana,yellow
5116,apple,green
5117,apple,red
5118,banana,green
5119,apple,red
5120,cherry,red
5121,apple,red
5122,apple,yellow
5123,banana,green
5124,apple,green
5125,apple,red
5126,banana,green
5127,apple,red
5128,banana,green
5129,banana,green
5130,banana,yellow
5131,banana,yellow
5132,cherry,red
5133,apple,red
5134,banana,yellow
5135,apple,red
5136,apple,yellow
5137,banana,green
5138,apple,red
5139,apple,yellow
5140,apple,red
5141,apple,red
5142,apple,green
5143,banana,green
5144,banana,yellow
5145,apple,yellow
5146,banana,green
5147,cherry,red
5148,apple,yellow
5149,apple,red
5150,apple,green
5151,apple,red
5152,banana,green
5153,apple,red
5154,cherry,red
5155,apple,red
5156,banana,green
5157,banana,green
5158,cherry,purple
5159,apple,red
5160,banana,green
5161,cherry,red
5162,cherry,red
5163,apple,yellow
5164,apple,green
5165,banana,green
5166,banana,green
5167,apple,red
5168,cherry,purple
5169,banana,green
5170,apple,yellow
5171,banana,yellow
5172,apple,green
5173,cherry,red
5174,apple,red
5175,apple,yellow
5176,banana,green
5177,apple,yellow
5178,apple,green
5179,banana,green
5180,cherry,purple
5181,cherry,red
5182,apple,yellow
5183,apple,green
5184,apple,green
5185,cherry,purple
5186,apple,red
5187,banana,green
5188,cherry,red
5189,banana,green
5190,banana,green
5191,apple,red
5192,banana,yellow
5193,banana,yellow
5194,banana,green
5195,banana,yellow
5196,apple,green
5197,apple,green
5198,apple,red
5199,apple,yellow
5200,apple,green
5201,apple,green
5202,apple,red
5203,apple,red
5204,apple,green
5205,cherry,red
5206,cherry,purple
5207,apple,yellow
5208,apple,yellow
5209,cherry,purple
5210,apple,green
5211,cherry,red
5212,cherry,purple
5213,banana,yellow
5214,cherry,purple
5215,banana,yellow
5216,banana,green
5217,cherry,red
5218,banana,yellow
5219,apple,green
5220,banana,green
5221,apple,green
5222,banana,green
5223,banana,green
5224,cherry,purple
5225,apple,yellow
5226,banana,green
5227,banana,green
5228,banana,green
5229,banana,green
5230,banana,yellow
5231,cherry,purple
5232,apple,red
5233,banana,green
5234,cherry,purple
5235,apple,yellow
5236,cherry,purple
5237,apple,green
5238,apple,yellow
5239,apple,yellow
5240,banana,yellow
5241,apple,green
5242,cherry,red
5243,apple,red
5244,cherry,purple
5245,banana,yellow
5246,apple,yellow
5247,banana,yellow
5248,banana,yellow
5249,banana,green
5250,apple,yellow
5251,banana,yellow
5252,apple,green
5253,banana,yellow
5254,cherry,red
5255,apple,red
5256,apple,red
5257,banana,yellow
5258,apple,green
5259,apple,yellow
5260,banana,yellow
5261,cherry,purple
5262,banana,yellow
5263,cherry,purple
5264,cherry,purple
5265,cherry,red
5266,banana,yellow
5267,apple,yellow
5268,banana,yellow
5269,banana,yellow
5270,banana,green
5271,apple,red
5272,cherry,purple
5273,apple,green
5274,apple,yellow
5275,cherry,purple
5276,banana,green
5277,apple,green
5278,banana,green
5279,apple,green
5280,apple,yellow
5281,cherry,purple
5282,apple,green
5283,cherry,purple
5284,cherry,purple
5285,apple,red
5286,apple,yellow
5287,apple,yellow
5288,banana,yellow
5289,apple,red
5290,apple,yellow
5291,banana,green
5292,banana,yellow
5293,apple,yellow
5294,apple,green
5295,apple,yellow
5296,banana,green
5297,banana,yellow
5298,banana,green
5299,apple,green
5300,banana,green
5301,banana,green
5302,apple,red
5303,cherry,red
5304,apple,yellow
5305,apple,yellow
5306,banana,yellow
5307,cherry,red
5308,apple,red
5309,banana,green
5310,cherry,purple
5311,cherry,red
5312,banana,yellow
5313,apple,yellow
5314,apple,green
5315,banana,yellow
5316,cherry,purple
5317,apple,green
5318,apple,yellow
5319,banana,yellow
5320,apple,green
5321,banana,green
5322,apple,yellow
5323,apple,yellow
5324,cherry,red
5325,apple,red
5326,banana,yellow
5327,apple,red
5328,cherry,purple
5329,cherry,red
5330,apple,yellow
5331,banana,green
5332,apple,red
5333,banana,green
5334,banana,green
5335,banana,yellow
5336,cherry,purple
5337,banana,green
5338,cherry,red
5339,apple,yellow
5340,apple,red
5341,banana,yellow
5342,banana,green
5343,apple,green
5344,cherry,purple
5345,apple,green
5346,apple,red
5347,cherry,red
5348,banana,yellow
5349,cherry,purple
5350,apple,red
5351,banana,yellow
5352,banana,green
5353,banana,yellow
5354,apple,green
5355,apple,red
5356,apple,yellow
5357,cherry,purple
5358,cherry,red
5359,apple,red
5360,cherry,red
5361,apple,red
5362,cherry,red
5363,cherry,purple
5364,cherry,purple
5365,banana,yellow
5366,apple,yellow
5367,apple,green
5368,banana,green
5369,cherry,red
5370,apple,red
5371,apple,red
5372,banana,green
5373,banana,yellow
5374,banana,yellow
5375,apple,green
5376,banana,green
5377,banana,yellow
5378,apple,red
5379,cherry,purple
5380,apple,green
5381,banana,yellow
5382,apple,red
5383,banana,yellow
5384,banana,yellow
5385,cherry,red
5386,cherry,red
5387,cherry,red
5388,apple,green
5389,apple,red
5390,apple,yellow
5391,banana,yellow
5392,cherry,red
5393,banana,green
5394,banana,yellow
5395,apple,yellow
5396,apple,yellow
5397,banana,green
5398,cherry,red
5399,banana,green
5400,cherry,purple
5401,cherry,red
5402,banana,green
5403,apple,yellow
5404,banana,yellow
5405,apple,green
5406,banana,green
5407,apple,red
5408,cherry,red
5409,apple,yellow
5410,apple,green
5411,banana,yellow
5412,apple,red
5413,banana,green
5414,cherry,red
5415,banana,yellow
5416,apple,yellow
5417,apple,red
5418,apple,yellow
5419,apple,red
5420,cherry,purple
5421,banana,yellow
5422,apple,red
5423,banana,yellow
5424,banana,yellow
5425,banana,green
5426,cherry,purple
5427,cherry,purple
5428,cherry,red
5429,cherry,purple
5430,banana,green
5431,cherry,red
5432,cherry,purple
5433,cherry,purple
5434,cherry,purple
5435,banana,green
5436,apple,green
5437,banana,yellow
5438,apple,red
5439,apple,yellow
5440,cherry,red
5441,cherry,purple
5442,apple,green
5443,apple,green
5444,apple,yellow
5445,apple,yellow
5446,cherry,red
5447,apple,yellow
5448,banana,green
5449,cherry,purple
5450,banana,green
5451,apple,red
5452,cherry,purple
5453,banana,yellow
5454,banana,yellow
5455,apple,yellow
5456,banana,yellow
5457,banana,green
5458,cherry,purple
5459,apple,green
5460,apple,yellow
5461,apple,yellow
5462,banana,yellow
5463,apple,red
5464,apple,yellow
5465,cherry,purple
5466,apple,yellow
5467,apple,yellow
5468,cherry,purple
5469,apple,green
5470,banana,yellow
5471,banana,green
5472,apple,yellow
5473,banana,yellow
5474,apple,green
5475,banana,green
5476,apple,green
5477,cherry,red
5478,apple,yellow
5479,cherry,purple
5480,cherry,purple
5481,banana,green
5482,banana,yellow
5483,apple,green
5484,cherry,red
5485,apple,red
5486,cherry,purple
5487,cherry,purple
5488,cherry,red
5489,banana,yellow
5490,apple,yellow
5491,apple,red
5492,cherry,red
5493,banana,green
5494,banana,yellow
5495,cherry,red
5496,banana,green
5497,apple,red
5498,cherry,purple
5499,cherry,purple
5500,apple,green
5501,apple,green
5502,banana,yellow
5503,banana,green
5504,banana,green
5505,apple,green
5506,banana,yellow
5507,cherry,purple
5508,banana,green
5509,cherry,red
5510,banana,yellow
5511,cherry,red
5512,cherry,purple
5513,banana,yellow
5514,banana,green
5515,apple,red
5516,apple,green
5517,banana,yellow
5518,banana,yellow
5519,cherry,purple
5520,apple,red
5521,banana,green
5522,banana,yellow
5523,cherry,purple
5524,apple,red
5525,cherry,red
5526,banana,green
5527,cherry,purple
5528,apple,yellow
5529,banana,green
5530,apple,green
5531,banana,yellow
5532,cherry,red
5533,apple,green
5534,cherry,purple
5535,banana,green
5536,apple,green
5537,banana,yellow
5538,banana,yellow
5539,apple,red
5540,banana,green
5541,banana,green
5542,apple,green
5543,apple,yellow
5544,banana,yellow
5545,apple,green
5546,apple,yellow
5547,banana,green
5548,apple,green
5549,apple,red
5550,cherry,red
5551,cherry,red
5552,banana,green
5553,banana,green
5554,apple,green
5555,apple,green
5556,apple,green
5557,apple,red
5558,apple,green
5559,cherry,red
5560,cherry,purple
5561,apple,red
5562,banana,yellow
5563,apple,red
5564,cherry,red
5565,apple,red
5566,apple,green
5567,cherry,purple
5568,banana,yellow
5569,cherry,purple
5570,cherry,red
5571,banana,green
5572,banana,yellow
5573,cherry,purple
5574,banana,yellow
5575,cherry,red
5576,banana,yellow
5577,banana,green
5578,apple,green
5579,apple,yellow
5580,banana,yellow
5581,banana,green
5582,cherry,red
5583,banana,green
5584,apple,yellow
5585,banana,yellow
5586,cherry,red
5587,apple,yellow
5588,apple,red
5589,banana,green
5590,banana,green
5591,cherry,purple
5592,apple,red
5593,banana,yellow
5594,cherry,red
5595,apple,red
5596,banana,yellow
5597,banana,yellow
5598,banana,green
5599,banana,yellow
5600,banana,green
5601,banana,yellow
5602,cherry,red
5603,cherry,purple
5604,banana,green
5605,banana,green
5606,apple,red
5607,apple,green
5608,banana,green
5609,apple,yellow
5610,banana,yellow
5611,banana,green
5612,banana,green
5613,banana,yellow
5614,cherry,purple
5615,cherry,purple
5616,banana,yellow
5617,apple,green
5618,banana,green
5619,apple,green
5620,apple,green
5621,banana,green
5622,banana,green
5623,cherry,purple
5624,banana,yellow
5625,apple,red
5626,apple,green
5627,apple,red
5628,banana,yellow
5629,cherry,purple
5630,apple,yellow
5631,apple,yellow
5632,apple,green
5633,apple,yellow
5634,apple,green
5635,cherry,red
5636,banana,yellow
5637,apple,red
5638,cherry,purple
5639,cherry,red
5640,apple,red
5641,cherry,purple
5642,banana,yellow
5643,cherry,red
5644,cherry,red
5645,banana,green
5646,apple,green
5647,apple,red
5648,banana,yellow
5649,apple,yellow
5650,apple,green
5651,banana,yellow
5652,cherry,purple
5653,cherry,red
5654,apple,yellow
5655,banana,green
5656,apple,yellow
5657,cherry,red
5658,apple,yellow
5659,cherry,red
5660,cherry,purple
5661,cherry,purple
5662,banana,yellow
5663,apple,green
5664,apple,green
5665,cherry,purple
5666,apple,green
5667,apple,green
5668,banana,green
5669,apple,yellow
5670,banana,yellow
5671,apple,green
5672,banana,green
5673,cherry,red
5674,banana,yellow
5675,apple,red
5676,banana,green
5677,banana,green
5678,apple,yellow
5679,cherry,red
5680,banana,yellow
5681,cherry,purple
5682,banana,yellow
5683,apple,yellow
5684,cherry,red
5685,apple,green
5686,apple,green
5687,banana,yellow
5688,apple,yellow
5689,banana,green
5690,cherry,purple
5691,banana,green
5692,banana,green
5693,cherry,red
5694,apple,yellow
5695,banana,yellow
5696,cherry,purple
5697,banana,green
5698,apple,red
5699,apple,yellow
5700,apple,red
5701,banana,yellow
5702,apple,green
5703,banana,green
5704,apple,yellow
5705,banana,yellow
5706,apple,green
5707,cherry,purple
5708,banana,green
5709,banana,yellow
5710,apple,yellow
5711,banana,green
5712,banana,green
5713,banana,yellow
5714,cherry,red
5715,apple,yellow
5716,cherry,red
5717,apple,red
5718,apple,red
5719,cherry,red
5720,apple,red
5721,apple,red
5722,banana,green
5723,apple,yellow
5724,banana,yellow
5725,apple,yellow
5726,banana,yellow
5727,apple,red
5728,cherry,purple
5729,apple,green
5730,banana,green
5731,apple,green
5732,cherry,red
5733,apple,red
5734,apple,red
5735,apple,green
5736,banana,yellow
5737,cherry,purple
5738,apple,yellow
5739,banana,green
5740,apple,red
5741,cherry,red
5742,apple,yellow
5743,apple,red
5744,banana,yellow
5745,apple,red
5746,apple,green
5747,banana,green
5748,apple,yellow
5749,cherry,red
5750,banana,green
5751,cherry,purple
5752,apple,yellow
5753,apple,red
5754,cherry,red
5755,cherry,purple
5756,banana,green
5757,banana,green
5758,banana,green
5759,banana,green
5760,banana,yellow
5761,apple,green
5762,cherry,purple
5763,banana,yellow
5764,banana,yellow
5765,apple,red
5766,cherry,red
5767,apple,green
5768,banana,yellow
5769,banana,green
5770,apple,green
5771,cherry,red
5772,banana,yellow
5773,banana,green
5774,apple,yellow
5775,banana,green
5776,banana,yellow
5777,cherry,purple
5778,cherry,purple
5779,banana,green
5780,banana,yellow
5781,apple,red
5782,banana,yellow
5783,banana,yellow
5784,cherry,red
5785,apple,red
5786,apple,yellow
5787,banana,green
5788,apple,yellow
5789,apple,red
5790,banana,yellow
5791,apple,yellow
5792,cherry,purple
5793,cherry,red
5794,cherry,purple
5795,banana,green
5796,banana,yellow
5797,apple,yellow
5798,apple,green
5799,apple,green
5800,apple,yellow
5801,apple,yellow
5802,banana,yellow
5803,apple,yellow
5804,apple,green
5805,banana,yellow
5806,banana,green
5807,apple,red
5808,apple,red
5809,apple,yellow
5810,banana,yellow
5811,cherry,red
5812,apple,green
5813,banana,yellow
5814,apple,yellow
5815,banana,yellow
5816,banana,yellow
5817,apple,green
5818,banana,yellow
5819,apple,yellow
5820,apple,red
5821,cherry,purple
5822,cherry,red
5823,cherry,purple
5824,banana,green
5825,apple,green
5826,banana,green
5827,cherry,purple
5828,cherry,red
5829,apple,yellow
5830,apple,yellow
5831,banana,green
5832,apple,yellow
5833,cherry,red
5834,apple,yellow
5835,banana,green
5836,apple,red
5837,apple,green
5838,apple,red
5839,banana,yellow
5840,banana,green
5841,banana,green
5842,banana,yellow
5843,apple,red
5844,banana,yellow
5845,apple,green
5846,apple,yellow
5847,cherry,red
5848,cherry,purple
5849,apple,yellow
5850,apple,red
5851,banana,green
5852,banana,green
5853,banana,green
5854,cherry,purple
5855,banana,green
5856,banana,green
5857,apple,red
5858,cherry,red
5859,banana,green
5860,cherry,purple
5861,banana,yellow
5862,banana,green
5863,cherry,red
5864,cherry,red
5865,apple,green
5866,cherry,red
5867,cherry,purple
5868,cherry,red
5869,cherry,purple
5870,apple,green
5871,apple,red
5872,apple,red
5873,apple,red
5874,apple,red
5875,banana,yellow
5876,apple,yellow
5877,cherry,purple
5878,apple,red
5879,apple,green
5880,banana,green
5881,banana,green
5882,banana,green
5883,banana,yellow
5884,apple,green
5885,cherry,red
5886,apple,green
5887,cherry,purple
5888,banana,yellow
5889,apple,yellow
5890,banana,yellow
5891,apple,yellow
5892,apple,red
5893,apple,green
5894,banana,yellow
5895,banana,green
5896,cherry,red
5897,apple,red
5898,apple,green
5899,banana,green
5900,apple,red
5901,banana,green
5902,apple,yellow
5903,cherry,red
5904,apple,green
5905,apple,green
5906,banana,yellow
5907,banana,yellow
5908,apple,yellow
5909,apple,green
5910,cherry,red
5911,apple,red
5912,banana,green
5913,banana,yellow
5914,banana,green
5915,banana,yellow
5916,apple,green
5917,banana,yellow
5918,banana,green
5919,banana,green
5920,banana,green
5921,apple,red
5922,cherry,purple
5923,cherry,red
5924,apple,green
5925,cherry,purple
5926,apple,yellow
5927,banana,green
5928,banana,green
5929,apple,red
5930,cherry,purple
5931,apple,yellow
5932,banana,green
5933,banana,green
5934,cherry,red
5935,banana,yellow
5936,apple,green
5937,apple,green
5938,apple,red
5939,banana,green
5940,banana,green
5941,apple,red
5942,banana,yellow
5943,banana,green
5944,banana,green
5945,apple,green
5946,banana,yellow
5947,cherry,purple
5948,apple,green
5949,apple,red
5950,banana,yellow
5951,apple,yellow
5952,apple,yellow
5953,banana,green
5954,banana,yellow
5955,cherry,purple
5956,banana,yellow
5957,cherry,purple
5958,cherry,red
5959,banana,green
5960,banana,yellow
5961,banana,yellow
5962,apple,green
5963,apple,green
5964,apple,yellow
5965,cherry,purple
5966,banana,yellow
5967,banana,yellow
5968,banana,green
5969,apple,red
5970,apple,green
5971,banana,green
5972,apple,yellow
5973,cherry,purple
5974,apple,red
5975,apple,green
5976,apple,yellow
5977,apple,yellow
5978,banana,green
5979,banana,green
5980,banana,green
5981,cherry,red
5982,apple,green
5983,apple,green
5984,apple,yellow
5985,banana,yellow
5986,banana,green
5987,banana,yellow
5988,banana,green
5989,apple,yellow
5990,cherry,purple
5991,apple,green
5992,banana,green
5993,apple,yellow
5994,banana,green
5995,banana,green
5996,cherry,red
5997,cherry,purple
5998,banana,green
5999,cherry,purple
6000,cherry,red
6001,apple,red
6002,apple,red
6003,apple,red
6004,banana,yellow
6005,cherry,purple
6006,banana,green
6007,cherry,purple
6008,cherry,purple
6009,apple,green
6010,banana,green
6011,banana,green
6012,apple,green
6013,banana,green
6014,apple,green
6015,apple,red
6016,banana,yellow
6017,banana,green
6018,cherry,red
6019,banana,yellow
6020,apple,yellow
6021,banana,green
6022,banana,yellow
6023,banana,yellow
6024,banana,yellow
6025,banana,green
6026,cherry,purple
6027,banana,yellow
6028,banana,green
6029,banana,green
6030,apple,yellow
6031,cherry,purple
6032,banana,yellow
6033,cherry,red
6034,banana,yellow
6035,apple,yellow
6036,cherry,purple
6037,apple,red
6038,cherry,red
6039,banana,green
6040,apple,yellow
6041,banana,yellow
6042,cherry,purple
6043,banana,yellow
6044,cherry,purple
6045,cherry,red
6046,apple,yellow
6047,cherry,red
6048,banana,green
6049,cherry,purple
6050,cherry,red
6051,cherry,purple
6052,cherry,red
6053,banana,yellow
6054,banana,yellow
6055,apple,green
6056,cherry,red
6057,apple,yellow
6058,cherry,purple
6059,banana,yellow
6060,apple,green
6061,cherry,red
6062,banana,green
6063,banana,green
6064,apple,red
6065,cherry,red
6066,apple,green
6067,banana,yellow
6068,banana,green
6069,cherry,purple
6070,apple,yellow
6071,banana,green
6072,banana,green
6073,banana,yellow
6074,apple,green
6075,apple,green
6076,banana,green
6077,apple,yellow
6078,apple,yellow
6079,apple,yellow
6080,banana,green
6081,apple,yellow
6082,apple,yellow
6083,apple,green
6084,apple,red
6085,apple,red
6086,banana,yellow
6087,banana,green
6088,apple,yellow
6089,banana,green
6090,banana,yellow
6091,cherry,red
6092,banana,green
6093,banana,green
6094,cherry,purple
6095,banana,green
6096,apple,green
6097,apple,red
6098,apple,green
6099,apple,red
6100,apple,yellow
6101,cherry,red
6102,apple,green
6103,banana,yellow
6104,cherry,red
6105,banana,green
6106,banana,green
6107,banana,green
6108,banana,green
6109,banana,yellow
6110,cherry,red
6111,banana,yellow
6112,apple,yellow
6113,apple,yellow
6114,cherry,red
6115,banana,green
6116,apple,yellow
6117,apple,green
6118,apple,red
6119,banana,yellow
6120,cherry,red
6121,banana,yellow
6122,apple,red
6123,banana,green
6124,banana,yellow
6125,apple,yellow
6126,apple,green
6127,apple,red
6128,banana,yellow
6129,banana,yellow
6130,banana,green
6131,banana,green
6132,cherry,red
6133,banana,green
6134,cherry,red
6135,banana,green
6136,cherry,purple
6137,cherry,purple
6138,banana,yellow
6139,apple,green
6140,banana,green
6141,apple,yellow
6142,apple,green
6143,banana,green
6144,banana,yellow
6145,cherry,red
6146,banana,green
6147,cherry,purple
6148,banana,yellow
6149,apple,green
6150,banana,yellow
6151,cherry,purple
6152,apple,yellow
6153,banana,yellow
6154,apple,red
6155,cherry,red
6156,apple,green
6157,apple,yellow
6158,banana,green
6159,cherry,red
6160,banana,yellow
6161,apple,red
6162,cherry,red
6163,cherry,red
6164,apple,yellow
6165,cherry,purple
6166,cherry,purple
6167,apple,green
6168,banana,green
6169,apple,green
6170,apple,green
6171,cherry,purple
6172,banana,green
6173,banana,green
6174,apple,green
6175,apple,green
6176,apple,red
6177,cherry,purple
6178,apple,yellow
6179,apple,yellow
6180,banana,green
6181,cherry,red
6182,apple,green
6183,apple,yellow
6184,banana,yellow
6185,banana,green
6186,cherry,red
6187,apple,red
6188,apple,green
6189,cherry,purple
6190,cherry,red
6191,cherry,purple
6192,banana,green
6193,apple,yellow
6194,banana,yellow
6195,apple,yellow
6196,apple,yellow
6197,apple,green
6198,apple,red
6199,cherry,red
6200,apple,yellow
6201,banana,yellow
6202,cherry,purple
6203,banana,yellow
6204,banana,green
6205,banana,green
6206,banana,green
6207,banana,yellow
6208,cherry,red
6209,cherry,purple
6210,cherry,purple
6211,cherry,purple
6212,banana,yellow
6213,apple,green
6214,apple,green
6215,apple,yellow
6216,cherry,purple
6217,apple,yellow
6218,cherry,red
6219,apple,green
6220,banana,green
6221,cherry,red
6222,cherry,purple
6223,apple,green
6224,cherry,purple
6225,cherry,purple
6226,apple,green
6227,banana,yellow
6228,banana,yellow
6229,banana,yellow
6230,banana,green
6231,banana,yellow
6232,cherry,purple
6233,cherry,purple
6234,banana,yellow
6235,banana,yellow
6236,apple,yellow
6237,apple,yellow
6238,cherry,purple
6239,cherry,purple
6240,banana,yellow
6241,banana,green
6242,apple,red
6243,apple,red
6244,apple,red
6245,banana,green
6246,banana,yellow
6247,cherry,purple
6248,cherry,red
6249,apple,red
6250,apple,red
6251,apple,yellow
6252,banana,yellow
6253,cherry,purple
6254,cherry,purple
6255,cherry,red
6256,banana,yellow
6257,apple,green
6258,cherry,red
6259,cherry,red
6260,cherry,red
6261,apple,green
6262,apple,green
6263,apple,yellow
6264,cherry,red
6265,apple,green
6266,banana,yellow
6267,apple,green
6268,banana,yellow
6269,apple,red
6270,banana,yellow
6271,apple,red
6272,apple,green
6273,banana,green
6274,banana,green
6275,banana,yellow
6276,cherry,purple
6277,banana,yellow
6278,cherry,red
6279,apple,green
6280,banana,yellow
6281,apple,green
6282,cherry,purple
6283,cherry,purple
6284,apple,yellow
6285,apple,yellow
6286,cherry,purple
6287,apple,green
6288,banana,green
6289,apple,red
6290,apple,red
6291,apple,red
6292,apple,green
6293,cherry,red
6294,banana,yellow
6295,cherry,purple
6296,apple,green
6297,cherry,purple
6298,apple,yellow
6299,cherry,red
6300,apple,red
6301,cherry,red
6302,banana,green
6303,banana,green
6304,cherry,purple
6305,banana,yellow
6306,cherry,purple
6307,apple,green
6308,apple,red
6309,cherry,red
6310,banana,yellow
6311,apple,red
6312,apple,red
6313,apple,red
6314,apple,green
6315,banana,green
6316,cherry,purple
6317,apple,yellow
6318,cherry,red
6319,apple,green
6320,cherry,purple
6321,apple,yellow
6322,banana,yellow
6323,banana,yellow
6324,apple,yellow
6325,apple,red
6326,apple,red
6327,banana,green
6328,apple,yellow
6329,apple,red
6330,apple,yellow
6331,banana,green
6332,banana,green
6333,banana,green
6334,cherry,red
6335,apple,green
6336,banana,yellow
6337,banana,green
6338,banana,yellow
6339,cherry,red
6340,apple,red
6341,cherry,red
6342,apple,green
6343,apple,green
6344,banana,green
6345,apple,yellow
6346,banana,yellow
6347,banana,green
6348,banana,yellow
6349,banana,green
6350,apple,red
6351,apple,green
6352,cherry,purple
6353,banana,green
6354,cherry,purple
6355,apple,green
6356,banana,yellow
6357,cherry,red
6358,apple,green
6359,cherry,red
6360,banana,green
6361,apple,green
6362,apple,green
6363,banana,yellow
6364,cherry,red
6365,apple,yellow
6366,apple,yellow
6367,apple,red
6368,apple,yellow
6369,apple,yellow
6370,cherry,red
6371,cherry,purple
6372,banana,yellow
6373,apple,red
6374,banana,yellow
6375,cherry,red
6376,banana,green
6377,cherry,purple
6378,apple,green
6379,apple,yellow
6380,cherry,purple
6381,banana,yellow
6382,banana,green
6383,apple,green
6384,banana,green
6385,apple,yellow
6386,banana,yellow
6387,apple,green
6388,apple,green
6389,cherry,red
6390,apple,red
6391,banana,green
6392,banana,yellow
6393,cherry,red
6394,apple,green
6395,apple,green
6396,apple,yellow
6397,banana,yellow
6398,apple,red
6399,banana,green
6400,apple,red
6401,banana,yellow
6402,cherry,purple
6403,apple,green
6404,apple,red
6405,banana,green
6406,apple,yellow
6407,apple,green
6408,cherry,red
6409,apple,green
6410,apple,green
6411,banana,yellow
6412,cherry,purple
6413,cherry,red
6414,banana,yellow
6415,cherry,purple
6416,apple,yellow
6417,banana,green
6418,banana,yellow
6419,cherry,purple
6420,cherry,purple
6421,cherry,purple
6422,banana,green
6423,cherry,red
6424,apple,yellow
6425,cherry,red
6426,banana,yellow
6427,banana,green
6428,apple,yellow
6429,banana,green
6430,banana,green
6431,apple,red
6432,banana,yellow
6433,banana,yellow
6434,cherry,red
6435,apple,yellow
6436,banana,green
6437,cherry,red
6438,apple,green
6439,cherry,red
6440,cherry,purple
6441,banana,yellow
6442,apple,red
6443,apple,green
6444,apple,green
6445,cherry,purple
6446,cherry,purple
6447,apple,yellow
6448,apple,red
6449,apple,red
6450,apple,yellow
6451,cherry,purple
6452,cherry,red
6453,apple,yellow
6454,banana,green
6455,cherry,red
6456,cherry,red
6457,apple,yellow
6458,banana,yellow
6459,apple,green
6460,apple,yellow
6461,apple,green
6462,apple,green
6463,banana,green
6464,apple,yellow
6465,banana,green
6466,cherry,purple
6467,cherry,red
6468,apple,red
6469,apple,green
6470,cherry,purple
6471,cherry,red
6472,apple,yellow
6473,apple,red
6474,apple,yellow
6475,cherry,purple
6476,cherry,red
6477,banana,green
6478,apple,green
6479,apple,yellow
6480,cherry,purple
6481,banana,yellow
6482,apple,red
6483,banana,yellow
6484,apple,red
6485,banana,green
6486,apple,red
6487,cherry,red
6488,apple,red
6489,banana,yellow
6490,apple,green
6491,apple,red
6492,cherry,purple
6493,cherry,purple
6494,banana,yellow
6495,banana,green
6496,banana,green
6497,banana,green
6498,cherry,purple
6499,banana,green
6500,cherry,red
6501,apple,green
6502,apple,yellow
6503,apple,yellow
6504,apple,yellow
6505,banana,yellow
6506,cherry,purple
6507,banana,yellow
6508,cherry,red
6509,banana,yellow
6510,banana,yellow
6511,banana,green
6512,banana,green
6513,apple,red
6514,apple,green
6515,banana,yellow
6516,cherry,purple
6517,cherry,red
6518,apple,green
6519,apple,yellow
6520,apple,green
6521,cherry,red
6522,banana,green
6523,banana,yellow
6524,cherry,red
6525,banana,green
6526,banana,green
6527,apple,yellow
6528,cherry,purple
6529,apple,yellow
6530,cherry,purple
6531,cherry,red
6532,banana,green
6533,banana,yellow
6534,banana,green
6535,banana,yellow
6536,apple,yellow
6537,cherry,red
6538,cherry,red
6539,banana,green
6540,banana,green
6541,apple,green
6542,banana,green
6543,cherry,purple
6544,banana,yellow
6545,cherry,red
6546,apple,green
6547,apple,green
6548,cherry,purple
6549,apple,green
6550,banana,yellow
6551,apple,yellow
6552,banana,green
6553,banana,yellow
6554,banana,yellow
6555,cherry,red
6556,cherry,red
6557,banana,yellow
6558,apple,yellow
6559,apple,green
6560,apple,red
6561,cherry,purple
6562,cherry,red
6563,apple,yellow
6564,banana,yellow
6565,cherry,red
6566,cherry,red
6567,banana,yellow
6568,cherry,red
6569,banana,green
6570,apple,red
6571,cherry,red
6572,cherry,purple
6573,cherry,red
6574,apple,red
6575,banana,yellow
6576,cherry,purple
6577,apple,red
6578,cherry,purple
6579,cherry,purple
6580,cherry,red
6581,banana,yellow
6582,apple,green
6583,apple,green
6584,apple,green
6585,apple,red
6586,cherry,purple
6587,cherry,red
6588,cherry,red
6589,banana,green
6590,cherry,purple
6591,cherry,red
6592,apple,red
6593,banana,yellow
6594,apple,yellow
6595,banana,green
6596,apple,green
6597,apple,red
6598,apple,green
6599,banana,green
6600,banana,green
6601,cherry,red
6602,banana,yellow
6603,apple,red
6604,apple,yellow
6605,banana,yellow
6606,banana,yellow
6607,banana,yellow
6608,cherry,purple
6609,apple,yellow
6610,apple,yellow
6611,cherry,red
6612,banana,yellow
6613,cherry,red
6614,banana,yellow
6615,cherry,purple
6616,apple,red
6617,banana,yellow
6618,apple,green
6619,apple,yellow
6620,apple,green
6621,apple,red
6622,banana,green
6623,cherry,purple
6624,cherry,purple
6625,cherry,purple
6626,apple,red
6627,banana,green
6628,cherry,purple
6629,banana,green
6630,apple,yellow
6631,banana,green
6632,banana,yellow
6633,banana,green
6634,apple,red
6635,cherry,purple
6636,apple,red
6637,banana,green
6638,apple,green
6639,apple,yellow
6640,apple,yellow
6641,apple,red
6642,cherry,purple
6643,apple,yellow
6644,apple,yellow
6645,apple,yellow
6646,banana,green
6647,apple,green
6648,apple,yellow
6649,apple,red
6650,apple,red
6651,cherry,purple
6652,apple,yellow
6653,cherry,purple
6654,banana,yellow
6655,apple,green
6656,apple,yellow
6657,cherry,red
6658,banana,green
6659,banana,yellow
6660,banana,yellow
6661,banana,yellow
6662,cherry,purple
6663,apple,red
6664,cherry,purple
6665,cherry,purple
6666,cherry,purple
6667,banana,yellow
6668,apple,red
6669,cherry,red
6670,apple,yellow
6671,apple,yellow
6672,banana,yellow
6673,cherry,red
6674,cherry,purple
6675,banana,yellow
6676,banana,green
6677,apple,yellow
6678,apple,yellow
6679,banana,yellow
6680,banana,green
6681,apple,red
6682,cherry,red
6683,apple,red
6684,banana,green
6685,cherry,red
6686,cherry,red
6687,banana,yellow
6688,apple,green
6689,cherry,purple
6690,apple,yellow
6691,apple,yellow
6692,apple,green
6693,banana,green
6694,cherry,purple
6695,banana,yellow
6696,banana,green
6697,apple,green
6698,banana,yellow
6699,cherry,purple
6700,cherry,red
6701,apple,red
6702,banana,green
6703,apple,green
6704,banana,yellow
6705,cherry,red
6706,cherry,purple
6707,apple,green
6708,banana,green
6709,banana,green
6710,banana,green
6711,banana,green
6712,apple,green
6713,apple,yellow
6714,apple,red
6715,banana,yellow
6716,cherry,purple
6717,cherry,purple
6718,apple,green
6719,apple,red
6720,banana,green
6721,apple,yellow
6722,banana,yellow
6723,apple,yellow
6724,cherry,purple
6725,cherry,purple
6726,apple,green
6727,apple,red
6728,apple,yellow
6729,apple,yellow
6730,banana,yellow
6731,banana,yellow
6732,apple,green
6733,banana,yellow
6734,cherry,purple
6735,apple,yellow
6736,banana,yellow
6737,banana,yellow
6738,apple,red
6739,cherry,red
6740,apple,red
6741,apple,green
6742,apple,red
6743,cherry,purple
6744,cherry,purple
6745,banana,green
6746,banana,green
6747,banana,yellow
6748,apple,red
6749,cherry,red
6750,cherry,red
6751,apple,red
6752,banana,green
6753,apple,yellow
6754,banana,green
6755,banana,yellow
6756,cherry,red
6757,cherry,red
6758,cherry,red
6759,cherry,purple
6760,apple,red
6761,cherry,purple
6762,cherry,red
6763,banana,yellow
6764,cherry,purple
6765,cherry,red
6766,cherry,red
6767,apple,yellow
6768,apple,green
6769,cherry,red
6770,cherry,red
6771,cherry,purple
6772,apple,red
6773,apple,green
6774,apple,yellow
6775,banana,yellow
6776,apple,green
6777,apple,green
6778,cherry,red
6779,banana,yellow
6780,apple,red
6781,banana,green
6782,banana,green
6783,apple,green
6784,banana,green
6785,banana,green
6786,banana,yellow
6787,cherry,red
6788,banana,yellow
6789,apple,red
6790,cherry,purple
6791,apple,yellow
6792,banana,green
6793,apple,yellow
6794,cherry,purple
6795,banana,green
6796,apple,green
6797,banana,yellow
6798,banana,green
6799,apple,green
6800,cherry,red
6801,cherry,purple
6802,cherry,red
6803,apple,red
6804,cherry,red
6805,apple,red
6806,apple,red
6807,banana,yellow
6808,cherry,red
6809,apple,red
6810,banana,green
6811,cherry,red
6812,apple,yellow
6813,cherry,purple
6814,banana,green
6815,cherry,red
6816,banana,yellow
6817,banana,yellow
6818,cherry,red
6819,apple,yellow
6820,cherry,red
6821,banana,yellow
6822,apple,yellow
6823,apple,green
6824,banana,yellow
6825,banana,yellow
6826,banana,green
6827,banana,yellow
6828,banana,yellow
6829,banana,yellow
6830,apple,red
6831,apple,yellow
6832,banana,yellow
6833,banana,yellow
6834,apple,green
6835,cherry,red
6836,apple,yellow
6837,cherry,purple
6838,banana,green
6839,apple,green
6840,cherry,red
6841,banana,green
6842,apple,red
6843,apple,red
6844,banana,yellow
6845,banana,green
6846,apple,yellow
6847,banana,yellow
6848,apple,green
6849,banana,yellow
6850,banana,green
6851,banana,green
6852,apple,green
6853,cherry,purple
6854,banana,yellow
6855,apple,red
6856,apple,green
6857,banana,green
6858,apple,green
6859,banana,green
6860,banana,yellow
6861,banana,green
6862,banana,yellow
6863,cherry,purple
6864,apple,yellow
6865,apple,green
6866,apple,yellow
6867,cherry,red
6868,banana,yellow
6869,apple,red
6870,apple,red
6871,apple,red
6872,apple,green
6873,apple,yellow
6874,apple,red
6875,banana,green
6876,banana,yellow
6877,banana,yellow
6878,apple,red
6879,apple,green
6880,banana,green
6881,apple,yellow
6882,cherry,red
6883,banana,yellow
6884,cherry,red
6885,apple,green
6886,banana,green
6887,banana,yellow
6888,banana,green
6889,banana,yellow
6890,apple,green
6891,apple,green
6892,apple,red
6893,apple,green
6894,banana,green
6895,banana,green
6896,cherry,purple
6897,banana,green
6898,banana,yellow
6899,cherry,red
6900,banana,yellow
6901,cherry,red
6902,banana,green
6903,cherry,purple
6904,banana,yellow
6905,apple,red
6906,banana,yellow
6907,banana,green
6908,banana,green
6909,apple,green
6910,cherry,purple
6911,banana,green
6912,cherry,red
6913,banana,yellow
6914,banana,green
6915,apple,yellow
6916,banana,yellow
6917,cherry,purple
6918,banana,green
6919,banana,yellow
6920,cherry,red
6921,cherry,red
6922,apple,red
6923,banana,yellow
6924,banana,green
6925,apple,green
6926,banana,yellow
6927,apple,red
6928,apple,red
6929,apple,yellow
6930,cherry,red
6931,apple,red
6932,banana,green
6933,banana,green
6934,cherry,red
6935,cherry,purple
6936,apple,yellow
6937,banana,green
6938,apple,red
6939,apple,red
6940,apple,green
6941,banana,green
6942,apple,yellow
6943,apple,red
6944,banana,green
6945,apple,green
6946,banana,yellow
6947,banana,green
6948,banana,yellow
6949,cherry,red
6950,banana,yellow
6951,banana,yellow
6952,apple,red
6953,banana,yellow
6954,apple,green
6955,cherry,purple
6956,apple,green
6957,cherry,purple
6958,banana,yellow
6959,banana,green
6960,banana,yellow
6961,cherry,purple
6962,apple,green
6963,apple,red
6964,banana,yellow
6965,apple,yellow
6966,apple,red
6967,apple,red
6968,cherry,red
6969,banana,green
6970,apple,yellow
6971,banana,yellow
6972,banana,green
6973,banana,green
6974,banana,yellow
6975,apple,red
6976,apple,yellow
6977,banana,green
6978,banana,green
6979,banana,yellow
6980,apple,red
6981,banana,green
6982,apple,green
6983,banana,yellow
6984,cherry,purple
6985,apple,green
6986,cherry,purple
6987,apple,green
6988,banana,green
6989,banana,green
6990,apple,red
6991,apple,red
6992,banana,yellow
6993,apple,yellow
6994,banana,green
6995,cherry,red
6996,cherry,purple
6997,apple,red
6998,banana,yellow
6999,banana,green
7000,apple,red
7001,apple,red
7002,cherry,purple
7003,apple,yellow
7004,apple,green
7005,banana,green
7006,banana,yellow
7007,cherry,purple
7008,banana,green
7009,cherry,red
7010,apple,red
7011,cherry,red
7012,banana,yellow
7013,cherry,red
7014,apple,green
7015,banana,yellow
7016,apple,green
7017,apple,red
7018,cherry,purple
7019,apple,green
7020,banana,green
7021,cherry,red
7022,apple,green
7023,banana,yellow
7024,apple,yellow
7025,banana,yellow
7026,cherry,purple
7027,apple,red
7028,apple,red
7029,banana,green
7030,apple,yellow
7031,banana,yellow
7032,banana,yellow
7033,apple,green
7034,banana,yellow
7035,apple,green
7036,cherry,purple
7037,apple,red
7038,banana,yellow
7039,banana,green
7040,banana,green
7041,apple,green
7042,apple,green
7043,cherry,red
7044,apple,green
7045,cherry,red
7046,cherry,purple
7047,banana,green
7048,cherry,red
7049,apple,red
7050,banana,green
7051,cherry,red
7052,apple,green
7053,banana,yellow
7054,apple,yellow
7055,apple,red
7056,banana,green
7057,banana,green
7058,cherry,red
7059,cherry,purple
7060,banana,green
7061,apple,green
7062,apple,green
7063,cherry,purple
7064,cherry,purple
7065,banana,yellow
7066,cherry,purple
7067,banana,yellow
7068,banana,yellow
7069,cherry,red
7070,cherry,red
7071,cherry,purple
7072,apple,green
7073,cherry,red
7074,banana,yellow
7075,apple,yellow
7076,banana,yellow
7077,banana,green
7078,banana,green
7079,banana,green
7080,banana,green
7081,banana,green
7082,apple,green
7083,banana,yellow
7084,apple,yellow
7085,banana,yellow
7086,banana,yellow
7087,banana,yellow
7088,banana,green
7089,apple,green
7090,apple,red
7091,banana,yellow
7092,cherry,red
7093,apple,red
7094,apple,red
7095,apple,yellow
7096,apple,green
7097,banana,yellow
7098,banana,green
7099,banana,yellow
7100,banana,green
7101,apple,green
7102,apple,green
7103,banana,green
7104,banana,yellow
7105,banana,yellow
7106,banana,green
7107,apple,yellow
7108,banana,green
7109,cherry,red
7110,banana,green
7111,cherry,purple
7112,cherry,purple
7113,apple,green
7114,cherry,red
7115,banana,yellow
7116,apple,yellow
7117,cherry,red
7118,banana,green
7119,apple,green
7120,apple,green
7121,banana,green
7122,apple,green
7123,apple,yellow
7124,apple,yellow
7125,cherry,purple
7126,apple,red
7127,banana,green
7128,cherry,red
7129,apple,red
7130,banana,green
7131,apple,green
7132,apple,red
7133,apple,yellow
7134,apple,red
7135,banana,yellow
7136,apple,green
7137,apple,green
7138,cherry,red
7139,cherry,red
7140,apple,red
7141,apple,yellow
7142,banana,green
7143,apple,green
7144,cherry,red
7145,apple,red
7146,apple,yellow
7147,banana,green
7148,banana,green
7149,apple,yellow
7150,cherry,purple
7151,banana,yellow
7152,banana,yellow
7153,apple,yellow
7154,banana,yellow
7155,apple,green
7156,cherry,purple
7157,banana,yellow
7158,cherry,red
7159,apple,red
7160,apple,red
7161,banana,green
7162,banana,green
7163,banana,green
7164,apple,yellow
7165,apple,green
7166,apple,red
7167,apple,red
7168,apple,yellow
7169,banana,yellow
7170,apple,yellow
7171,cherry,red
7172,banana,green
7173,banana,yellow
7174,apple,red
7175,apple,red
7176,cherry,red
7177,apple,green
7178,banana,yellow
7179,apple,green
7180,banana,yellow
7181,apple,red
7182,cherry,red
7183,cherry,red
7184,banana,yellow
7185,banana,yellow
7186,banana,green
7187,cherry,purple
7188,cherry,purple
7189,banana,green
7190,apple,green
7191,cherry,red
7192,apple,yellow
7193,cherry,purple
7194,banana,yellow
7195,banana,yellow
7196,banana,green
7197,banana,yellow
7198,apple,yellow
7199,apple,red
7200,banana,yellow
7201,banana,yellow
7202,banana,yellow
7203,cherry,red
7204,apple,green
7205,apple,yellow
7206,cherry,purple
7207,apple,yellow
7208,banana,green
7209,cherry,purple
7210,banana,green
7211,cherry,red
7212,banana,yellow
7213,banana,green
7214,banana,yellow
7215,apple,green
7216,cherry,purple
7217,banana,yellow
7218,apple,green
7219,cherry,red
7220,apple,green
7221,apple,green
7222,banana,green
7223,apple,yellow
7224,banana,yellow
7225,cherry,red
7226,cherry,purple
7227,apple,yellow
7228,apple,yellow
7229,banana,yellow
7230,cherry,red
7231,apple,yellow
7232,cherry,red
7233,apple,yellow
7234,cherry,red
7235,cherry,purple
7236,apple,green
7237,banana,green
7238,cherry,purple
7239,banana,yellow
7240,apple,red
7241,apple,green
7242,cherry,purple
7243,apple,red
7244,cherry,purple
7245,cherry,purple
7246,cherry,purple
7247,banana,green
7248,apple,red
7249,cherry,purple
7250,banana,green
7251,banana,green
7252,apple,red
7253,apple,red
7254,apple,red
7255,apple,yellow
7256,banana,yellow
7257,cherry,purple
7258,apple,yellow
7259,banana,yellow
7260,apple,yellow
7261,banana,green
7262,banana,yellow
7263,apple,yellow
7264,banana,green
7265,cherry,purple
7266,cherry,red
7267,apple,yellow
7268,apple,red
7269,apple,green
7270,apple,yellow
7271,apple,red
7272,apple,yellow
7273,banana,green
7274,cherry,red
7275,apple,green
7276,apple,green
7277,banana,yellow
7278,cherry,purple
7279,apple,red
7280,banana,green
7281,banana,green
7282,banana,yellow
7283,apple,red
7284,banana,green
7285,banana,green
7286,cherry,purple
7287,apple,green
7288,apple,yellow
7289,banana,green
7290,apple,green
7291,banana,green
7292,cherry,red
7293,apple,yellow
7294,apple,yellow
7295,banana,yellow
7296,cherry,red
7297,apple,green
7298,banana,yellow
7299,banana,yellow
7300,apple,green
7301,cherry,red
7302,banana,yellow
7303,banana,yellow
7304,apple,green
7305,apple,red
7306,banana,green
7307,cherry,red
7308,banana,green
7309,apple,green
7310,cherry,purple
7311,banana,yellow
7312,apple,yellow
7313,banana,yellow
7314,cherry,purple
7315,apple,red
7316,apple,red
7317,apple,yellow
7318,banana,green
7319,apple,green
7320,banana,green
7321,apple,green
7322,apple,red
7323,apple,green
7324,apple,red
7325,apple,red
7326,banana,yellow
7327,apple,green
7328,cherry,red
7329,apple,red
7330,banana,yellow
7331,apple,red
7332,apple,red
7333,banana,green
7334,banana,green
7335,banana,yellow
7336,banana,yellow
7337,apple,red
7338,apple,red
7339,cherry,red
7340,banana,yellow
7341,apple,red
7342,apple,red
7343,cherry,red
7344,cherry,purple
7345,banana,green
7346,banana,green
7347,apple,red
7348,banana,yellow
7349,banana,yellow
7350,apple,green
7351,apple,green
7352,banana,green
7353,banana,green
7354,banana,green
7355,cherry,purple
7356,cherry,purple
7357,cherry,purple
7358,cherry,purple
7359,apple,green
7360,apple,red
7361,apple,yellow
7362,cherry,purple
7363,apple,green
7364,apple,green
7365,apple,green
7366,banana,yellow
7367,apple,yellow
7368,cherry,purple
7369,cherry,red
7370,banana,green
7371,apple,red
7372,apple,red
7373,cherry,purple
7374,banana,green
7375,banana,green
7376,cherry,purple
7377,apple,red
7378,apple,red
7379,cherry,red
7380,apple,red
7381,apple,green
7382,cherry,purple
7383,apple,green
7384,apple,yellow
7385,banana,yellow
7386,cherry,purple
7387,apple,green
7388,apple,yellow
7389,apple,red
7390,apple,yellow
7391,banana,yellow
7392,apple,red
7393,banana,green
7394,apple,green
7395,apple,yellow
7396,banana,green
7397,apple,red
7398,cherry,red
7399,cherry,purple
7400,banana,yellow
7401,banana,yellow
7402,cherry,red
7403,cherry,purple
7404,apple,yellow
7405,banana,green
7406,apple,red
7407,apple,green
7408,apple,red
7409,apple,green
7410,apple,red
7411,apple,yellow
7412,apple,red
7413,banana,green
7414,cherry,red
7415,apple,red
7416,apple,red
7417,apple,green
7418,cherry,red
7419,banana,yellow
7420,cherry,purple
7421,apple,yellow
7422,banana,green
7423,banana,green
7424,cherry,purple
7425,banana,green
7426,banana,green
7427,banana,green
7428,cherry,red
7429,apple,red
7430,banana,green
7431,apple,yellow
7432,apple,yellow
7433,cherry,red
7434,cherry,purple
7435,cherry,purple
7436,apple,red
7437,banana,yellow
7438,cherry,red
7439,banana,yellow
7440,cherry,purple
7441,banana,green
7442,banana,green
7443,apple,red
7444,apple,green
7445,cherry,red
7446,cherry,red
7447,banana,green
7448,apple,green
7449,cherry,purple
7450,cherry,red
7451,apple,green
7452,cherry,purple
7453,cherry,purple
7454,banana,green
7455,banana,yellow
7456,apple,yellow
7457,cherry,purple
7458,apple,green
7459,banana,yellow
7460,apple,red
7461,cherry,red
7462,apple,green
7463,banana,yellow
7464,cherry,red
7465,cherry,red
7466,banana,yellow
7467,apple,green
7468,banana,green
7469,banana,yellow
7470,apple,green
7471,apple,red
7472,cherry,red
7473,cherry,red
7474,cherry,red
7475,cherry,purple
7476,cherry,purple
7477,apple,yellow
7478,apple,yellow
7479,apple,yellow
7480,apple,red
7481,banana,green
7482,apple,yellow
7483,banana,green
7484,banana,green
7485,apple,green
7486,banana,green
7487,cherry,purple
7488,cherry,purple
7489,apple,yellow
7490,cherry,purple
7491,cherry,red
7492,cherry,purple
7493,banana,yellow
7494,apple,red
7495,banana,yellow
7496,apple,yellow
7497,cherry,red
7498,apple,green
7499,apple,yellow
7500,apple,green
7501,banana,yellow
7502,banana,green
7503,banana,green
7504,cherry,red
7505,cherry,red
7506,apple,green
7507,apple,red
7508,apple,green
7509,apple,green
7510,banana,green
7511,cherry,purple
7512,banana,green
7513,banana,green
7514,banana,yellow
7515,apple,red
7516,cherry,purple
7517,apple,green
7518,apple,red
7519,apple,yellow
7520,banana,green
7521,cherry,red
7522,banana,yellow
7523,banana,green
7524,cherry,purple
7525,apple,red
7526,banana,yellow
7527,apple,green
7528,banana,green
7529,banana,yellow
7530,banana,yellow
7531,banana,green
7532,banana,green
7533,apple,green
7534,apple,yellow
7535,banana,yellow
7536,banana,green
7537,cherry,red
7538,cherry,red
7539,banana,green
7540,cherry,red
7541,cherry,purple
7542,apple,red
7543,banana,yellow
7544,apple,green
7545,apple,red
7546,banana,yellow
7547,cherry,purple
7548,banana,green
7549,apple,yellow
7550,cherry,purple
7551,cherry,red
7552,banana,yellow
7553,banana,green
7554,cherry,red
7555,cherry,purple
7556,banana,green
7557,apple,yellow
7558,apple,yellow
7559,banana,green
7560,banana,green
7561,apple,red
7562,cherry,purple
7563,apple,green
7564,banana,green
7565,apple,green
7566,apple,red
7567,apple,green
7568,apple,yellow
7569,banana,yellow
7570,apple,red
7571,cherry,red
7572,cherry,red
7573,cherry,purple
7574,cherry,red
7575,cherry,purple
7576,apple,yellow
7577,banana,yellow
7578,banana,green
7579,cherry,purple
7580,cherry,purple
7581,apple,red
7582,banana,green
7583,banana,yellow
7584,cherry,red
7585,apple,red
7586,banana,yellow
7587,banana,green
7588,apple,green
7589,cherry,purple
7590,apple,yellow
7591,cherry,purple
7592,apple,red
7593,banana,green
7594,cherry,red
7595,cherry,red
7596,cherry,purple
7597,banana,green
7598,apple,yellow
7599,apple,red
7600,apple,red
7601,apple,green
7602,apple,yellow
7603,cherry,purple
7604,banana,yellow
7605,cherry,purple
7606,apple,red
7607,banana,yellow
7608,banana,green
7609,banana,green
7610,apple,red
7611,cherry,purple
7612,apple,yellow
7613,cherry,purple
7614,apple,red
7615,apple,green
7616,banana,yellow
7617,banana,green
7618,cherry,purple
7619,apple,green
7620,cherry,purple
7621,apple,green
7622,banana,green
7623,apple,green
7624,apple,yellow
7625,apple,red
7626,cherry,red
7627,apple,red
7628,cherry,purple
7629,apple,red
7630,apple,red
7631,banana,yellow
7632,apple,green
7633,apple,yellow
7634,cherry,red
7635,cherry,purple
7636,cherry,purple
7637,apple,green
7638,cherry,red
7639,apple,green
7640,apple,green
7641,apple,red
7642,apple,red
7643,cherry,red
7644,apple,green
7645,apple,green
7646,banana,yellow
7647,apple,yellow
7648,cherry,red
7649,apple,red
7650,apple,yellow
7651,banana,yellow
7652,banana,yellow
7653,banana,yellow
7654,apple,yellow
7655,banana,green
7656,apple,yellow
7657,cherry,red
7658,banana,yellow
7659,apple,red
7660,banana,green
7661,apple,yellow
7662,apple,red
7663,banana,green
7664,cherry,purple
7665,apple,yellow
7666,cherry,red
7667,banana,green
7668,banana,green
7669,apple,red
7670,banana,yellow
7671,banana,yellow
7672,banana,yellow
7673,cherry,red
7674,apple,red
7675,apple,red
7676,banana,yellow
7677,banana,yellow
7678,cherry,purple
7679,cherry,red
7680,banana,yellow
7681,cherry,red
7682,banana,green
7683,apple,red
7684,apple,yellow
7685,cherry,purple
7686,apple,green
7687,apple,yellow
7688,banana,green
7689,banana,yellow
7690,apple,green
7691,apple,yellow
7692,cherry,red
7693,banana,green
7694,banana,green
7695,apple,green
7696,apple,red
7697,banana,green
7698,apple,red
7699,cherry,red
7700,apple,red
7701,banana,yellow
7702,banana,yellow
7703,banana,green
7704,apple,red
7705,banana,green
7706,cherry,purple
7707,apple,green
7708,apple,red
7709,apple,red
7710,banana,green
7711,apple,yellow
7712,banana,yellow
7713,apple,yellow
7714,apple,green
7715,banana,green
7716,cherry,purple
7717,banana,yellow
7718,apple,red
7719,apple,green
7720,apple,red
7721,cherry,red
7722,banana,yellow
7723,apple,red
7724,apple,yellow
7725,cherry,purple
7726,banana,yellow
7727,banana,yellow
7728,apple,green
7729,banana,green
7730,apple,green
7731,banana,green
7732,banana,green
7733,apple,green
7734,banana,yellow
7735,apple,green
7736,apple,red
7737,banana,green
7738,apple,yellow
7739,apple,red
7740,apple,red
7741,apple,red
7742,apple,green
7743,banana,yellow
7744,apple,yellow
7745,banana,yellow
7746,apple,red
7747,apple,red
7748,apple,red
7749,cherry,purple
7750,apple,green
7751,banana,green
7752,cherry,red
7753,apple,red
7754,banana,yellow
7755,cherry,red
7756,apple,yellow
7757,apple,red
7758,banana,yellow
7759,cherry,purple
7760,cherry,red
7761,cherry,purple
7762,apple,yellow
7763,banana,green
7764,apple,yellow
7765,apple,green
7766,cherry,red
7767,apple,red
7768,cherry,red
7769,banana,yellow
7770,apple,red
7771,apple,red
7772,banana,yellow
7773,cherry,red
7774,apple,green
7775,apple,green
7776,apple,red
7777,apple,yellow
7778,cherry,red
7779,apple,green
7780,cherry,purple
7781,apple,red
7782,cherry,red
7783,banana,yellow
7784,apple,red
7785,banana,green
7786,apple,red
7787,apple,red
7788,banana,green
7789,apple,red
7790,apple,yellow
7791,banana,green
7792,cherry,red
7793,cherry,red
7794,cherry,purple
7795,apple,green
7796,apple,green
7797,banana,yellow
7798,apple,green
7799,apple,yellow
7800,banana,yellow
7801,cherry,red
7802,cherry,red
7803,cherry,red
7804,banana,yellow
7805,banana,green
7806,cherry,red
7807,apple,red
7808,banana,yellow
7809,cherry,red
7810,cherry,red
7811,apple,yellow
7812,apple,yellow
7813,banana,green
7814,apple,yellow
7815,apple,red
7816,apple,green
7817,cherry,red
7818,apple,red
7819,banana,yellow
7820,banana,green
7821,apple,yellow
7822,banana,yellow
7823,banana,green
7824,banana,green
7825,cherry,purple
7826,apple,red
7827,cherry,red
7828,cherry,red
7829,apple,red
7830,cherry,red
7831,apple,red
7832,banana,yellow
7833,banana,green
7834,apple,yellow
7835,banana,yellow
7836,banana,green
7837,apple,yellow
7838,apple,yellow
7839,banana,green
7840,apple,red
7841,banana,yellow
7842,banana,green
7843,apple,yellow
7844,cherry,red
7845,apple,green
7846,banana,yellow
7847,apple,green
7848,apple,green
7849,banana,yellow
7850,banana,yellow
7851,banana,yellow
7852,apple,yellow
7853,apple,green
7854,banana,green
7855,banana,green
7856,apple,red
7857,apple,red
7858,cherry,red
7859,cherry,purple
7860,banana,green
7861,apple,red
7862,cherry,purple
7863,banana,yellow
7864,banana,yellow
7865,banana,yellow
7866,banana,green
7867,banana,yellow
7868,cherry,red
7869,apple,red
7870,apple,red
7871,cherry,purple
7872,apple,yellow
7873,apple,yellow
7874,cherry,red
7875,apple,yellow
7876,apple,yellow
7877,apple,green
7878,banana,yellow
7879,banana,green
7880,banana,yellow
7881,banana,yellow
7882,apple,red
7883,apple,red
7884,apple,green
7885,banana,green
7886,banana,green
7887,banana,yellow
7888,apple,green
7889,cherry,red
7890,apple,yellow
7891,cherry,purple
7892,apple,green
7893,cherry,purple
7894,apple,red
7895,cherry,purple
7896,cherry,purple
7897,apple,green
7898,cherry,red
7899,apple,red
7900,banana,green
7901,apple,yellow
7902,apple,red
7903,cherry,red
7904,banana,green
7905,apple,green
7906,cherry,purple
7907,banana,yellow
7908,cherry,red
7909,apple,yellow
7910,banana,yellow
7911,cherry,purple
7912,apple,red
7913,banana,yellow
7914,banana,green
7915,apple,yellow
7916,banana,green
7917,apple,red
7918,apple,green
7919,apple,yellow
7920,apple,green
7921,cherry,red
7922,apple,red
7923,cherry,red
7924,apple,yellow
7925,banana,green
7926,banana,yellow
7927,banana,yellow
7928,apple,red
7929,banana,yellow
7930,banana,yellow
7931,banana,green
7932,cherry,red
7933,cherry,red
7934,banana,yellow
7935,cherry,purple
7936,cherry,purple
7937,cherry,red
7938,banana,green
7939,cherry,red
7940,apple,red
7941,apple,red
7942,cherry,red
7943,banana,green
7944,cherry,red
7945,banana,yellow
7946,apple,green
7947,apple,yellow
7948,banana,green
7949,banana,yellow
7950,cherry,purple
7951,cherry,red
7952,apple,yellow
7953,cherry,red
7954,cherry,red
7955,apple,red
7956,cherry,purple
7957,apple,green
7958,apple,green
7959,banana,green
7960,cherry,red
7961,cherry,purple
7962,apple,yellow
7963,apple,red
7964,banana,yellow
7965,apple,green
7966,apple,green
7967,banana,yellow
7968,apple,red
7969,banana,green
7970,apple,yellow
7971,banana,yellow
7972,cherry,red
7973,cherry,purple
7974,apple,green
7975,banana,yellow
7976,banana,yellow
7977,apple,red
7978,banana,yellow
7979,cherry,red
7980,cherry,red
7981,banana,yellow
7982,apple,green
7983,cherry,red
7984,cherry,red
7985,apple,yellow
7986,banana,green
7987,cherry,red
7988,apple,red
7989,cherry,purple
7990,cherry,purple
7991,apple,green
7992,banana,yellow
7993,banana,yellow
7994,banana,green
7995,banana,yellow
7996,banana,green
7997,apple,red
7998,apple,green
7999,cherry,red
8000,cherry,purple
8001,cherry,purple
8002,apple,green
8003,cherry,red
8004,banana,yellow
8005,apple,green
8006,banana,yellow
8007,apple,yellow
8008,apple,yellow
8009,banana,yellow
8010,banana,yellow
8011,cherry,purple
8012,banana,yellow
8013,banana,green
8014,cherry,red
8015,banana,green
8016,cherry,purple
8017,cherry,purple
8018,cherry,purple
8019,apple,yellow
8020,apple,yellow
8021,cherry,purple
8022,banana,yellow
8023,apple,yellow
8024,apple,red
8025,cherry,purple
8026,banana,yellow
8027,cherry,red
8028,apple,red
8029,apple,red
8030,cherry,purple
8031,banana,yellow
8032,banana,yellow
8033,cherry,purple
8034,apple,yellow
8035,apple,green
8036,cherry,red
8037,banana,yellow
8038,banana,green
8039,banana,yellow
8040,banana,yellow
8041,apple,yellow
8042,banana,green
8043,banana,yellow
8044,banana,yellow
8045,cherry,purple
8046,cherry,purple
8047,cherry,red
8048,cherry,purple
8049,apple,yellow
8050,cherry,red
8051,banana,green
8052,banana,yellow
8053,banana,green
8054,apple,yellow
8055,apple,green
8056,apple,yellow
8057,apple,red
8058,apple,green
8059,cherry,red
8060,banana,yellow
8061,cherry,purple
8062,banana,yellow
8063,apple,red
8064,cherry,purple
8065,banana,yellow
8066,banana,green
8067,cherry,purple
8068,banana,yellow
8069,cherry,red
8070,banana,yellow
8071,apple,yellow
8072,cherry,purple
8073,banana,green
8074,apple,red
8075,apple,green
8076,banana,yellow
8077,apple,red
8078,cherry,purple
8079,cherry,red
8080,apple,red
8081,apple,red
8082,banana,green
8083,apple,yellow
8084,banana,green
8085,apple,green
8086,cherry,red
8087,cherry,purple
8088,banana,yellow
8089,apple,green
8090,apple,green
8091,apple,green
8092,banana,green
8093,apple,red
8094,banana,green
8095,cherry,purple
8096,cherry,purple
8097,banana,yellow
8098,apple,yellow
8099,cherry,purple
8100,banana,green
8101,cherry,red
8102,cherry,red
8103,cherry,purple
8104,apple,yellow
8105,banana,green
8106,apple,red
8107,apple,green
8108,apple,red
8109,cherry,purple
8110,apple,red
8111,apple,green
8112,apple,yellow
8113,cherry,purple
8114,apple,red
8115,banana,yellow
8116,banana,yellow
8117,apple,red
8118,cherry,red
8119,cherry,purple
8120,apple,green
8121,banana,green
8122,apple,red
8123,apple,red
8124,cherry,purple
8125,apple,yellow
8126,apple,red
8127,cherry,purple
8128,apple,green
8129,apple,red
8130,cherry,red
8131,banana,green
8132,cherry,red
8133,banana,green
8134,cherry,purple
8135,banana,yellow
8136,cherry,purple
8137,banana,green
8138,banana,yellow
8139,cherry,red
8140,apple,red
8141,banana,green
8142,cherry,red
8143,apple,red
8144,apple,green
8145,apple,yellow
8146,apple,green
8147,cherry,purple
8148,apple,green
8149,cherry,red
8150,cherry,red
8151,cherry,red
8152,banana,green
8153,banana,green
8154,apple,green
8155,cherry,red
8156,banana,green
8157,banana,yellow
8158,banana,yellow
8159,banana,green
8160,apple,green
8161,banana,yellow
8162,cherry,red
8163,apple,red
8164,apple,red
8165,apple,red
8166,apple,yellow
8167,apple,yellow
8168,apple,green
8169,banana,green
8170,apple,green
8171,banana,green
8172,cherry,purple
8173,banana,yellow
8174,banana,yellow
8175,apple,yellow
8176,apple,yellow
8177,apple,green
8178,cherry,red
8179,banana,green
8180,apple,yellow
8181,banana,green
8182,cherry,red
8183,cherry,red
8184,cherry,red
8185,cherry,red
8186,cherry,red
8187,banana,green
8188,cherry,purple
8189,banana,green
8190,banana,green
8191,cherry,purple
8192,cherry,red
8193,banana,green
8194,apple,yellow
8195,banana,green
8196,cherry,red
8197,banana,green
8198,apple,red
8199,apple,yellow
8200,banana,green
8201,banana,yellow
8202,apple,yellow
8203,banana,green
8204,cherry,red
8205,banana,green
8206,banana,green
8207,apple,red
8208,cherry,purple
8209,banana,yellow
8210,cherry,red
8211,apple,yellow
8212,apple,yellow
8213,apple,yellow
8214,banana,yellow
8215,apple,red
8216,banana,yellow
8217,apple,yellow
8218,apple,red
8219,banana,green
8220,cherry,purple
8221,apple,yellow
8222,apple,green
8223,banana,yellow
8224,banana,yellow
8225,apple,yellow
8226,apple,yellow
8227,apple,green
8228,apple,red
8229,cherry,purple
8230,banana,green
8231,apple,green
8232,cherry,purple
8233,apple,red
8234,banana,yellow
8235,banana,green
8236,cherry,red
8237,cherry,red
8238,banana,yellow
8239,apple,red
8240,apple,yellow
8241,banana,green
8242,apple,green
8243,banana,green
8244,apple,green
8245,apple,yellow
8246,apple,yellow
8247,apple,yellow
8248,apple,yellow
8249,banana,green
8250,apple,yellow
8251,apple,yellow
8252,apple,green
8253,apple,yellow
8254,banana,green
8255,cherry,purple
8256,apple,green
8257,cherry,purple
8258,cherry,red
8259,apple,green
8260,banana,yellow
8261,cherry,red
8262,cherry,red
8263,cherry,purple
8264,apple,red
8265,banana,green
8266,banana,green
8267,cherry,red
8268,cherry,red
8269,apple,red
8270,apple,green
8271,apple,green
8272,apple,red
8273,banana,green
8274,banana,yellow
8275,cherry,purple
8276,banana,yellow
8277,apple,green
8278,banana,green
8279,apple,yellow
8280,apple,red
8281,banana,yellow
8282,apple,red
8283,apple,green
8284,apple,green
8285,banana,yellow
8286,banana,green
8287,banana,yellow
8288,cherry,red
8289,apple,red
8290,apple,yellow
8291,banana,green
8292,banana,yellow
8293,cherry,purple
8294,banana,green
8295,cherry,purple
8296,cherry,purple
8297,banana,green
8298,apple,red
8299,apple,yellow
8300,apple,green
8301,cherry,purple
8302,banana,green
8303,banana,green
8304,cherry,purple
8305,cherry,purple
8306,apple,red
8307,apple,yellow
8308,cherry,red
8309,cherry,purple
8310,cherry,red
8311,apple,red
8312,cherry,red
8313,apple,green
8314,apple,red
8315,banana,yellow
8316,apple,red
8317,apple,red
8318,cherry,purple
8319,apple,red
8320,apple,green
8321,apple,red
8322,banana,green
8323,banana,yellow
8324,banana,green
8325,apple,yellow
8326,banana,green
8327,apple,yellow
8328,cherry,purple
8329,apple,yellow
8330,cherry,red
8331,banana,green
8332,banana,green
8333,banana,yellow
8334,banana,yellow
8335,apple,yellow
8336,cherry,red
8337,cherry,purple
8338,apple,red
8339,banana,yellow
8340,banana,yellow
8341,banana,yellow
8342,cherry,red
8343,apple,red
8344,cherry,red
8345,banana,yellow
8346,apple,yellow
8347,apple,red
8348,banana,green
8349,apple,red
8350,apple,yellow
8351,banana,yellow
8352,banana,green
8353,banana,yellow
8354,banana,yellow
8355,cherry,purple
8356,banana,green
8357,apple,green
8358,banana,green
8359,banana,green
8360,apple,yellow
8361,cherry,purple
8362,apple,red
8363,banana,green
8364,apple,yellow
8365,banana,yellow
8366,apple,yellow
8367,cherry,purple
8368,cherry,purple
8369,apple,green
8370,banana,yellow
8371,banana,yellow
8372,cherry,red
8373,cherry,red
8374,apple,red
8375,apple,yellow
8376,cherry,red
8377,banana,yellow
8378,cherry,purple
8379,cherry,red
8380,banana,yellow
8381,banana,yellow
8382,apple,red
8383,apple,green
8384,banana,yellow
8385,cherry,red
8386,apple,green
8387,apple,red
8388,banana,green
8389,banana,green
8390,apple,green
8391,apple,red
8392,banana,green
8393,cherry,purple
8394,banana,yellow
8395,apple,green
8396,banana,green
8397,apple,yellow
8398,apple,red
8399,apple,green
8400,apple,yellow
8401,banana,green
8402,banana,yellow
8403,banana,green
8404,apple,yellow
8405,cherry,red
8406,apple,red
8407,cherry,red
8408,apple,green
8409,apple,yellow
8410,cherry,red
8411,apple,red
8412,apple,yellow
8413,banana,green
8414,banana,green
8415,apple,red
8416,banana,green
8417,banana,green
8418,apple,yellow
8419,banana,yellow
8420,cherry,red
8421,apple,green
8422,cherry,red
8423,cherry,red
8424,cherry,purple
8425,apple,red
8426,apple,red
8427,cherry,red
8428,apple,red
8429,banana,yellow
8430,cherry,purple
8431,banana,yellow
8432,apple,green
8433,apple,yellow
8434,banana,yellow
8435,banana,yellow
8436,cherry,purple
8437,cherry,red
8438,apple,yellow
8439,banana,yellow
8440,apple,red
8441,banana,yellow
8442,apple,red
8443,apple,yellow
8444,cherry,purple
8445,banana,yellow
8446,apple,yellow
8447,cherry,red
8448,apple,green
8449,banana,yellow
8450,cherry,red
8451,apple,yellow
8452,apple,red
8453,banana,green
8454,cherry,red
8455,cherry,red
8456,apple,yellow
8457,apple,green
8458,apple,yellow
8459,apple,red
8460,banana,green
8461,cherry,red
8462,apple,green
8463,apple,red
8464,apple,yellow
8465,banana,yellow
8466,cherry,red
8467,banana,green
8468,cherry,red
8469,banana,green
8470,apple,yellow
8471,apple,green
8472,cherry,purple
8473,banana,yellow
8474,cherry,red
8475,cherry,red
8476,banana,green
8477,apple,yellow
8478,banana,yellow
8479,cherry,red
8480,cherry,red
8481,apple,red
8482,banana,green
8483,banana,green
8484,apple,red
8485,apple,red
8486,apple,red
8487,cherry,red
8488,apple,green
8489,cherry,purple
8490,apple,yellow
8491,apple,red
8492,banana,green
8493,apple,yellow
8494,banana,green
8495,banana,yellow
8496,banana,yellow
8497,banana,yellow
8498,apple,green
8499,banana,yellow
8500,apple,green
8501,cherry,red
8502,cherry,red
8503,apple,yellow
8504,cherry,red
8505,apple,red
8506,apple,green
8507,cherry,purple
8508,cherry,purple
8509,apple,green
8510,banana,green
8511,banana,green
8512,apple,green
8513,cherry,red
8514,apple,red
8515,apple,green
8516,banana,yellow
8517,apple,yellow
8518,apple,red
8519,cherry,red
8520,apple,red
8521,cherry,purple
8522,banana,yellow
8523,banana,green
8524,cherry,red
8525,banana,green
8526,banana,yellow
8527,banana,green
8528,banana,yellow
8529,banana,yellow
8530,cherry,red
8531,banana,yellow
8532,banana,green
8533,banana,yellow
8534,apple,yellow
8535,apple,red
8536,cherry,purple
8537,apple,yellow
8538,cherry,purple
8539,apple,green
8540,apple,yellow
8541,apple,red
8542,banana,yellow
8543,apple,yellow
8544,banana,green
8545,banana,green
8546,banana,green
8547,apple,red
8548,banana,green
8549,apple,yellow
8550,cherry,red
8551,banana,yellow
8552,cherry,purple
8553,cherry,purple
8554,cherry,purple
8555,cherry,red
8556,apple,red
8557,banana,yellow
8558,banana,green
8559,apple,red
8560,cherry,purple
8561,banana,yellow
8562,apple,green
8563,banana,yellow
8564,cherry,red
8565,apple,yellow
8566,banana,green
8567,apple,green
8568,apple,yellow
8569,banana,yellow
8570,banana,yellow
8571,cherry,purple
8572,banana,green
8573,apple,yellow
8574,apple,red
8575,apple,yellow
8576,banana,yellow
8577,cherry,purple
8578,banana,green
8579,cherry,purple
8580,cherry,purple
8581,banana,yellow
8582,apple,yellow
8583,banana,yellow
8584,cherry,purple
8585,banana,green
8586,apple,green
8587,cherry,red
8588,apple,green
8589,cherry,purple
8590,banana,green
8591,apple,red
8592,cherry,purple
8593,apple,yellow
8594,banana,green
8595,banana,yellow
8596,cherry,purple
8597,cherry,red
8598,banana,green
8599,apple,green
8600,cherry,red
8601,apple,green
8602,apple,green
8603,cherry,red
8604,apple,green
8605,apple,red
8606,banana,yellow
8607,banana,green
8608,apple,yellow
8609,cherry,red
8610,apple,yellow
8611,banana,green
8612,cherry,red
8613,apple,green
8614,cherry,purple
8615,cherry,red
8616,cherry,red
8617,cherry,purple
8618,cherry,purple
8619,banana,yellow
8620,cherry,purple
8621,cherry,purple
8622,banana,yellow
8623,banana,green
8624,cherry,purple
8625,banana,yellow
8626,banana,yellow
8627,cherry,purple
8628,banana,green
8629,banana,green
8630,banana,yellow
8631,cherry,purple
8632,banana,green
8633,banana,yellow
8634,cherry,red
8635,cherry,purple
8636,banana,green
8637,cherry,purple
8638,banana,yellow
8639,banana,green
8640,banana,green
8641,banana,yellow
8642,apple,yellow
8643,apple,yellow
8644,apple,red
8645,cherry,purple
8646,apple,green
8647,apple,yellow
8648,banana,yellow
8649,banana,yellow
8650,apple,green
8651,apple,green
8652,banana,green
8653,apple,yellow
8654,apple,yellow
8655,cherry,purple
8656,cherry,purple
8657,apple,red
8658,banana,green
8659,apple,green
8660,banana,yellow
8661,apple,red
8662,apple,green
8663,apple,red
8664,apple,green
8665,banana,yellow
8666,cherry,purple
8667,apple,yellow
8668,apple,yellow
8669,cherry,red
8670,apple,green
8671,banana,yellow
8672,banana,green
8673,apple,green
8674,apple,red
8675,cherry,purple
8676,banana,yellow
8677,banana,yellow
8678,apple,red
8679,apple,red
8680,banana,yellow
8681,apple,yellow
8682,banana,yellow
8683,cherry,red
8684,banana,yellow
8685,apple,green
8686,banana,yellow
8687,apple,red
8688,apple,green
8689,apple,yellow
8690,apple,green
8691,cherry,red
8692,cherry,purple
8693,cherry,purple
8694,cherry,purple
8695,apple,red
8696,banana,green
8697,apple,red
8698,cherry,purple
8699,apple,yellow
8700,banana,yellow
8701,banana,green
8702,cherry,red
8703,cherry,red
8704,banana,yellow
8705,banana,yellow
8706,cherry,purple
8707,cherry,red
8708,apple,red
8709,banana,green
8710,banana,yellow
8711,cherry,purple
8712,banana,green
8713,banana,green
8714,banana,yellow
8715,banana,green
8716,banana,green
8717,apple,yellow
8718,apple,green
8719,banana,yellow
8720,apple,yellow
8721,apple,green
8722,cherry,red
8723,apple,yellow
8724,apple,yellow
8725,banana,yellow
8726,cherry,purple
8727,cherry,red
8728,banana,green
8729,cherry,red
8730,apple,red
8731,banana,green
8732,banana,yellow
8733,apple,yellow
8734,banana,green
8735,apple,green
8736,apple,yellow
8737,banana,yellow
8738,banana,green
8739,apple,yellow
8740,apple,green
8741,apple,red
8742,banana,green
8743,cherry,purple
8744,banana,green
8745,apple,green
8746,cherry,purple
8747,banana,green
8748,cherry,purple
8749,banana,green
8750,apple,green
8751,apple,red
8752,cherry,purple
8753,apple,green
8754,banana,green
8755,apple,red
8756,banana,green
8757,cherry,red
8758,apple,yellow
8759,cherry,red
8760,banana,yellow
8761,cherry,purple
8762,apple,green
8763,cherry,red
8764,cherry,red
8765,cherry,purple
8766,banana,yellow
8767,apple,yellow
8768,apple,yellow
8769,apple,red
8770,apple,yellow
8771,banana,yellow
8772,apple,red
8773,apple,green
8774,banana,green
8775,banana,green
8776,apple,red
8777,cherry,red
8778,apple,red
8779,apple,green
8780,banana,yellow
8781,apple,yellow
8782,cherry,purple
8783,banana,green
8784,cherry,red
8785,cherry,red
8786,apple,yellow
8787,banana,green
8788,banana,green
8789,cherry,red
8790,apple,red
8791,apple,yellow
8792,cherry,purple
8793,banana,yellow
8794,cherry,purple
8795,banana,green
8796,cherry,red
8797,banana,green
8798,apple,yellow
8799,apple,red
8800,apple,yellow
8801,apple,yellow
8802,cherry,purple
8803,apple,green
8804,apple,yellow
8805,banana,yellow
8806,banana,green
8807,cherry,red
8808,apple,green
8809,cherry,red
8810,apple,red
8811,banana,yellow
8812,banana,green
8813,apple,green
8814,apple,yellow
8815,cherry,purple
8816,apple,green
8817,apple,green
8818,apple,red
8819,cherry,red
8820,apple,red
8821,apple,yellow
8822,cherry,purple
8823,cherry,purple
8824,banana,yellow
8825,banana,green
8826,cherry,red
8827,banana,yellow
8828,banana,yellow
8829,apple,yellow
8830,banana,yellow
8831,cherry,purple
8832,apple,red
8833,banana,yellow
8834,cherry,red
8835,banana,green
8836,cherry,red
8837,apple,yellow
8838,banana,yellow
8839,apple,red
8840,apple,yellow
8841,banana,yellow
8842,apple,red
8843,apple,red
8844,cherry,red
8845,apple,yellow
8846,cherry,red
8847,banana,green
8848,banana,green
8849,banana,yellow
8850,cherry,purple
8851,cherry,purple
8852,apple,yellow
8853,cherry,purple
8854,apple,red
8855,cherry,red
8856,cherry,purple
8857,banana,green
8858,banana,yellow
8859,banana,yellow
8860,apple,yellow
8861,banana,green
8862,apple,yellow
8863,apple,yellow
8864,banana,green
8865,cherry,purple
8866,cherry,purple
8867,cherry,red
8868,cherry,red
8869,apple,green
8870,banana,yellow
8871,cherry,red
8872,apple,green
8873,banana,green
8874,apple,red
8875,cherry,purple
8876,banana,yellow
8877,apple,red
8878,cherry,red
8879,banana,yellow
8880,banana,yellow
8881,banana,yellow
8882,apple,red
8883,cherry,purple
8884,apple,red
8885,cherry,red
8886,cherry,red
8887,banana,yellow
8888,apple,red
8889,apple,red
8890,apple,red
8891,apple,red
8892,apple,yellow
8893,banana,green
8894,banana,yellow
8895,apple,red
8896,banana,green
8897,banana,yellow
8898,apple,red
8899,cherry,red
8900,apple,red
8901,apple,yellow
8902,apple,yellow
8903,apple,green
8904,banana,yellow
8905,banana,yellow
8906,cherry,purple
8907,banana,yellow
8908,apple,green
8909,banana,green
8910,cherry,red
8911,apple,red
8912,banana,yellow
8913,banana,green
8914,cherry,red
8915,apple,green
8916,cherry,purple
8917,banana,yellow
8918,apple,yellow
8919,apple,green
8920,cherry,purple
8921,banana,yellow
8922,apple,yellow
8923,apple,green
8924,apple,red
8925,banana,yellow
8926,cherry,red
8927,cherry,purple
8928,apple,yellow
8929,cherry,purple
8930,cherry,purple
8931,apple,yellow
8932,apple,yellow
8933,cherry,purple
8934,banana,yellow
8935,apple,red
8936,apple,yellow
8937,banana,green
8938,apple,yellow
8939,banana,yellow
8940,banana,green
8941,banana,yellow
8942,banana,green
8943,cherry,red
8944,apple,green
8945,cherry,purple
8946,apple,green
8947,cherry,purple
8948,cherry,red
8949,banana,yellow
8950,apple,red
8951,apple,yellow
8952,cherry,purple
8953,banana,yellow
8954,apple,green
8955,cherry,red
8956,cherry,purple
8957,cherry,red
8958,cherry,purple
8959,apple,green
8960,cherry,red
8961,banana,green
8962,apple,red
8963,banana,yellow
8964,banana,green
8965,banana,yellow
8966,apple,yellow
8967,cherry,red
8968,apple,yellow
8969,banana,green
8970,cherry,purple
8971,apple,red
8972,apple,green
8973,apple,yellow
8974,apple,red
8975,cherry,purple
8976,banana,green
8977,apple,red
8978,apple,yellow
8979,apple,green
8980,apple,red
8981,apple,yellow
8982,apple,yellow
8983,apple,green
8984,banana,yellow
8985,banana,yellow
8986,cherry,red
8987,apple,green
8988,apple,yellow
8989,cherry,purple
8990,apple,red
8991,banana,yellow
8992,cherry,purple
8993,cherry,purple
8994,cherry,red
8995,cherry,purple
8996,cherry,purple
8997,apple,red
8998,banana,yellow
8999,apple,green
9000,banana,yellow
9001,apple,green
9002,apple,yellow
9003,cherry,purple
9004,apple,red
9005,apple,green
9006,cherry,red
9007,apple,yellow
9008,apple,red
9009,banana,green
9010,cherry,red
9011,cherry,red
9012,apple,green
9013,apple,red
9014,banana,yellow
9015,cherry,purple
9016,apple,yellow
9017,apple,red
9018,apple,red
9019,cherry,purple
9020,banana,yellow
9021,cherry,purple
9022,cherry,red
9023,cherry,purple
9024,banana,green
9025,banana,yellow
9026,cherry,red
9027,cherry,purple
9028,banana,yellow
9029,cherry,purple
9030,apple,yellow
9031,apple,green
9032,cherry,purple
9033,cherry,red
9034,cherry,red
9035,cherry,red
9036,cherry,red
9037,apple,yellow
9038,cherry,red
9039,apple,red
9040,apple,yellow
9041,banana,green
9042,apple,red
9043,apple,green
9044,apple,yellow
9045,apple,green
9046,banana,yellow
9047,apple,red
9048,banana,yellow
9049,banana,green
9050,cherry,purple
9051,apple,green
9052,banana,yellow
9053,cherry,purple
9054,cherry,red
9055,banana,yellow
9056,apple,red
9057,apple,yellow
9058,cherry,purple
9059,banana,yellow
9060,banana,green
9061,apple,green
9062,cherry,purple
9063,banana,green
9064,apple,yellow
9065,apple,red
9066,apple,green
9067,apple,yellow
9068,apple,red
9069,banana,green
9070,cherry,purple
9071,apple,green
9072,banana,green
9073,banana,yellow
9074,cherry,red
9075,cherry,red
9076,banana,green
9077,apple,yellow
9078,apple,green
9079,cherry,purple
9080,banana,yellow
9081,banana,yellow
9082,apple,red
9083,banana,green
9084,cherry,purple
9085,cherry,purple
9086,banana,yellow
9087,banana,yellow
9088,cherry,red
9089,apple,green
9090,cherry,purple
9091,cherry,red
9092,apple,green
9093,cherry,red
9094,apple,red
9095,apple,yellow
9096,cherry,purple
9097,cherry,purple
9098,banana,green
9099,apple,green
9100,apple,green
9101,apple,green
9102,banana,yellow
9103,banana,yellow
9104,cherry,purple
9105,banana,yellow
9106,banana,yellow
9107,apple,green
9108,apple,yellow
9109,banana,green
9110,cherry,red
9111,apple,yellow
9112,apple,green
9113,apple,red
9114,cherry,purple
9115,apple,yellow
9116,banana,green
9117,apple,yellow
9118,apple,yellow
9119,cherry,red
9120,cherry,purple
9121,cherry,red
9122,cherry,purple
9123,apple,red
9124,cherry,purple
9125,apple,green
9126,apple,red
9127,apple,green
9128,banana,yellow
9129,banana,green
9130,banana,yellow
9131,apple,green
9132,banana,green
9133,apple,yellow
9134,cherry,purple
9135,banana,yellow
9136,banana,yellow
9137,banana,green
9138,apple,yellow
9139,cherry,purple
9140,cherry,red
9141,apple,green
9142,banana,yellow
9143,apple,red
9144,apple,yellow
9145,apple,red
9146,apple,red
9147,cherry,purple
9148,apple,green
9149,apple,red
9150,banana,green
9151,apple,red
9152,banana,yellow
9153,apple,red
9154,apple,red
9155,apple,yellow
9156,cherry,red
9157,banana,green
9158,cherry,red
9159,apple,red
9160,banana,green
9161,banana,yellow
9162,apple,red
9163,apple,green
9164,banana,yellow
9165,banana,yellow
9166,apple,yellow
9167,apple,green
9168,apple,yellow
9169,banana,green
9170,apple,yellow
9171,cherry,red
9172,apple,yellow
9173,banana,green
9174,apple,green
9175,apple,red
9176,banana,yellow
9177,cherry,red
9178,banana,green
9179,banana,yellow
9180,apple,green
9181,cherry,red
9182,apple,green
9183,apple,green
9184,cherry,red
9185,banana,yellow
9186,apple,green
9187,banana,yellow
9188,apple,yellow
9189,banana,yellow
9190,apple,yellow
9191,cherry,purple
9192,banana,green
9193,banana,green
9194,apple,red
9195,banana,yellow
9196,banana,green
9197,banana,yellow
9198,banana,green
9199,banana,green
9200,banana,green
9201,apple,yellow
9202,apple,yellow
9203,banana,yellow
9204,cherry,purple
9205,cherry,purple
9206,banana,yellow
9207,apple,green
9208,banana,yellow
9209,banana,green
9210,cherry,purple
9211,apple,green
9212,cherry,red
9213,cherry,red
9214,apple,green
9215,apple,red
9216,apple,red
9217,banana,yellow
9218,banana,yellow
9219,apple,red
9220,apple,red
9221,apple,green
9222,cherry,red
9223,banana,yellow
9224,apple,green
9225,banana,yellow
9226,banana,yellow
9227,banana,yellow
9228,apple,yellow
9229,apple,red
9230,apple,yellow
9231,banana,yellow
9232,cherry,red
9233,banana,green
9234,apple,red
9235,banana,yellow
9236,apple,yellow
9237,apple,red
9238,banana,green
9239,apple,red
9240,banana,green
9241,apple,yellow
9242,cherry,red
9243,apple,yellow
9244,apple,green
9245,banana,green
9246,apple,yellow
9247,apple,yellow
9248,apple,red
9249,banana,yellow
9250,cherry,red
9251,banana,yellow
9252,banana,green
9253,cherry,red
9254,cherry,red
9255,banana,yellow
9256,apple,red
9257,apple,yellow
9258,banana,green
9259,apple,green
9260,apple,red
9261,banana,yellow
9262,cherry,purple
9263,banana,yellow
9264,apple,yellow
9265,cherry,purple
9266,cherry,purple
9267,banana,yellow
9268,apple,yellow
9269,apple,red
9270,apple,yellow
9271,cherry,purple
9272,apple,green
9273,banana,green
9274,apple,red
9275,banana,green
9276,apple,red
9277,banana,yellow
9278,banana,green
9279,apple,green
9280,banana,green
9281,apple,red
9282,apple,red
9283,apple,green
9284,cherry,red
9285,apple,red
9286,apple,green
9287,banana,green
9288,cherry,purple
9289,apple,red
9290,apple,yellow
9291,cherry,red
9292,banana,green
9293,cherry,red
9294,banana,green
9295,apple,red
9296,banana,yellow
9297,banana,green
9298,apple,red
9299,banana,yellow
9300,cherry,purple
9301,cherry,red
9302,cherry,red
9303,apple,red
9304,apple,green
9305,cherry,red
9306,cherry,red
9307,apple,yellow
9308,cherry,purple
9309,banana,green
9310,cherry,purple
9311,apple,green
9312,cherry,purple
9313,cherry,purple
9314,banana,green
9315,banana,green
9316,banana,green
9317,cherry,purple
9318,cherry,purple
9319,apple,green
9320,cherry,purple
9321,apple,yellow
9322,banana,green
9323,cherry,red
9324,banana,green
9325,apple,red
9326,apple,green
9327,apple,yellow
9328,cherry,purple
9329,cherry,purple
9330,banana,green
9331,apple,green
9332,banana,green
9333,cherry,purple
9334,banana,green
9335,apple,green
9336,apple,red
9337,apple,green
9338,apple,green
9339,cherry,red
9340,apple,green
9341,apple,green
9342,apple,yellow
9343,cherry,red
9344,apple,red
9345,cherry,red
9346,apple,green
9347,cherry,red
9348,banana,yellow
9349,banana,green
9350,apple,green
9351,apple,yellow
9352,cherry,red
9353,banana,yellow
9354,banana,green
9355,cherry,red
9356,cherry,red
9357,apple,yellow
9358,banana,green
9359,apple,red
9360,apple,yellow
9361,apple,red
9362,banana,green
9363,apple,yellow
9364,banana,green
9365,apple,green
9366,apple,red
9367,cherry,red
9368,banana,green
9369,cherry,red
9370,apple,green
9371,banana,yellow
9372,banana,green
9373,banana,green
9374,apple,green
9375,apple,green
9376,cherry,red
9377,cherry,purple
9378,cherry,purple
9379,cherry,red
9380,apple,green
9381,apple,yellow
9382,banana,yellow
9383,apple,red
9384,banana,yellow
9385,banana,yellow
9386,apple,green
9387,banana,yellow
9388,apple,red
9389,banana,yellow
9390,cherry,red
9391,cherry,red
9392,cherry,red
9393,banana,yellow
9394,cherry,red
9395,apple,green
9396,banana,green
9397,banana,green
9398,apple,yellow
9399,apple,yellow
9400,apple,yellow
9401,banana,green
9402,cherry,purple
9403,apple,green
9404,cherry,purple
9405,cherry,red
9406,cherry,red
9407,apple,yellow
9408,banana,green
9409,apple,yellow
9410,apple,yellow
9411,banana,yellow
9412,apple,green
9413,cherry,red
9414,cherry,red
9415,apple,green
9416,banana,green
9417,cherry,purple
9418,apple,red
9419,banana,green
9420,apple,red
9421,apple,green
9422,cherry,red
9423,cherry,red
9424,cherry,red
9425,apple,red
9426,apple,red
9427,apple,red
9428,apple,yellow
9429,apple,yellow
9430,banana,yellow
9431,banana,green
9432,banana,green
9433,cherry,purple
9434,banana,green
9435,cherry,purple
9436,apple,green
9437,cherry,red
9438,apple,red
9439,cherry,red
9440,apple,red
9441,cherry,red
9442,banana,green
9443,apple,red
9444,apple,yellow
9445,cherry,red
9446,banana,yellow
9447,apple,green
9448,banana,green
9449,apple,yellow
9450,cherry,purple
9451,apple,yellow
9452,apple,green
9453,apple,yellow
9454,cherry,purple
9455,cherry,red
9456,apple,yellow
9457,apple,red
9458,apple,yellow
9459,cherry,purple
9460,apple,red
9461,apple,yellow
9462,apple,yellow
9463,cherry,red
9464,banana,green
9465,apple,yellow
9466,apple,green
9467,apple,yellow
9468,apple,green
9469,banana,yellow
9470,banana,green
9471,banana,green
9472,apple,yellow
9473,apple,green
9474,apple,green
9475,apple,red
9476,cherry,red
9477,apple,green
9478,cherry,purple
9479,apple,yellow
9480,cherry,purple
9481,apple,green
9482,apple,yellow
9483,apple,yellow
9484,apple,red
9485,banana,green
9486,banana,green
9487,cherry,red
9488,banana,yellow
9489,cherry,red
9490,apple,green
9491,cherry,red
9492,apple,yellow
9493,banana,yellow
9494,banana,yellow
9495,apple,red
9496,cherry,red
9497,cherry,purple
9498,cherry,purple
9499,banana,green
9500,banana,green
9501,apple,red
9502,banana,green
9503,apple,yellow
9504,cherry,red
9505,apple,yellow
9506,apple,red
9507,banana,green
9508,banana,green
9509,banana,green
9510,apple,yellow
9511,cherry,purple
9512,apple,yellow
9513,apple,green
9514,apple,red
9515,apple,yellow
9516,banana,green
9517,apple,red
9518,apple,red
9519,apple,red
9520,apple,red
9521,cherry,purple
9522,cherry,purple
9523,cherry,purple
9524,cherry,purple
9525,banana,yellow
9526,apple,green
9527,cherry,purple
9528,apple,green
9529,banana,green
9530,banana,green
9531,banana,green
9532,cherry,red
9533,banana,yellow
9534,apple,green
9535,banana,yellow
9536,apple,green
9537,apple,green
9538,apple,green
9539,banana,green
9540,apple,yellow
9541,banana,green
9542,banana,yellow
9543,cherry,purple
9544,apple,yellow
9545,banana,green
9546,apple,yellow
9547,apple,green
9548,apple,yellow
9549,apple,green
9550,banana,yellow
9551,apple,red
9552,apple,red
9553,banana,yellow
9554,banana,yellow
9555,cherry,purple
9556,banana,green
9557,banana,green
9558,cherry,purple
9559,banana,yellow
9560,apple,green
9561,cherry,purple
9562,banana,green
9563,banana,yellow
9564,cherry,purple
9565,banana,green
9566,banana,yellow
9567,cherry,red
9568,cherry,purple
9569,apple,green
9570,apple,yellow
9571,cherry,purple
9572,apple,yellow
9573,cherry,red
9574,apple,red
9575,banana,green
9576,apple,yellow
9577,banana,yellow
9578,cherry,purple
9579,apple,red
9580,apple,red
9581,cherry,purple
9582,apple,yellow
9583,apple,green
9584,cherry,purple
9585,apple,yellow
9586,apple,green
9587,banana,green
9588,apple,green
9589,cherry,red
9590,cherry,red
9591,apple,red
9592,apple,green
9593,banana,green
9594,apple,red
9595,apple,yellow
9596,apple,red
9597,cherry,red
9598,cherry,purple
9599,apple,red
9600,apple,green
9601,apple,green
9602,cherry,purple
9603,apple,yellow
9604,apple,yellow
9605,cherry,red
9606,banana,green
9607,cherry,red
9608,cherry,red
9609,cherry,purple
9610,banana,green
9611,apple,yellow
9612,apple,green
9613,apple,red
9614,apple,yellow
9615,banana,yellow
9616,cherry,purple
9617,cherry,red
9618,cherry,red
9619,cherry,red
9620,apple,red
9621,apple,green
9622,apple,green
9623,banana,yellow
9624,apple,red
9625,banana,green
9626,banana,green
9627,cherry,red
9628,apple,yellow
9629,apple,yellow
9630,cherry,purple
9631,apple,yellow
9632,cherry,red
9633,cherry,red
9634,banana,green
9635,banana,green
9636,apple,green
9637,apple,red
9638,apple,green
9639,apple,red
9640,banana,green
9641,cherry,red
9642,apple,yellow
9643,banana,green
9644,banana,green
9645,apple,green
9646,banana,yellow
9647,apple,red
9648,banana,yellow
9649,banana,yellow
9650,apple,red
9651,apple,green
9652,banana,yellow
9653,apple,red
9654,apple,red
9655,apple,green
9656,banana,yellow
9657,banana,yellow
9658,banana,green
9659,cherry,purple
9660,cherry,red
9661,banana,green
9662,apple,green
9663,banana,green
9664,cherry,purple
9665,apple,yellow
9666,apple,green
9667,banana,yellow
9668,apple,red
9669,cherry,purple
9670,cherry,red
9671,apple,red
9672,apple,red
9673,apple,yellow
9674,apple,red
9675,cherry,red
9676,apple,yellow
9677,apple,red
9678,banana,yellow
9679,apple,green
9680,apple,yellow
9681,banana,green
9682,banana,green
9683,banana,yellow
9684,cherry,purple
9685,banana,green
9686,apple,green
9687,banana,yellow
9688,cherry,red
9689,apple,yellow
9690,banana,green
9691,apple,yellow
9692,banana,yellow
9693,apple,red
9694,apple,green
9695,banana,green
9696,apple,yellow
9697,apple,green
9698,cherry,red
9699,cherry,purple
9700,apple,red
9701,banana,yellow
9702,cherry,red
9703,apple,red
9704,cherry,red
9705,banana,yellow
9706,apple,green
9707,cherry,purple
9708,cherry,red
9709,banana,yellow
9710,banana,yellow
9711,cherry,purple
9712,apple,red
9713,cherry,red
9714,banana,green
9715,apple,yellow
9716,banana,green
9717,apple,green
9718,banana,yellow
9719,banana,yellow
9720,apple,green
9721,cherry,purple
9722,apple,yellow
9723,banana,yellow
9724,apple,green
9725,apple,red
9726,apple,green
9727,banana,green
9728,banana,green
9729,cherry,red
9730,cherry,red
9731,banana,yellow
9732,apple,green
9733,apple,green
9734,cherry,red
9735,apple,yellow
9736,banana,green
9737,apple,green
9738,apple,red
9739,apple,green
9740,banana,green
9741,cherry,purple
9742,apple,green
9743,apple,yellow
9744,banana,green
9745,banana,yellow
9746,apple,yellow
9747,banana,yellow
9748,cherry,purple
9749,banana,green
9750,apple,green
9751,banana,yellow
9752,apple,green
9753,banana,yellow
9754,banana,green
9755,apple,red
9756,apple,yellow
9757,apple,yellow
9758,apple,yellow
9759,cherry,red
9760,banana,yellow
9761,apple,green
9762,apple,red
9763,banana,green
9764,cherry,purple
9765,apple,red
9766,banana,yellow
9767,banana,yellow
9768,cherry,purple
9769,banana,yellow
9770,apple,green
9771,apple,yellow
9772,apple,yellow
9773,apple,yellow
9774,banana,yellow
9775,apple,yellow
9776,apple,yellow
9777,banana,yellow
9778,apple,yellow
9779,banana,yellow
9780,banana,yellow
9781,apple,yellow
9782,apple,red
9783,apple,red
9784,cherry,purple
9785,banana,yellow
9786,banana,yellow
9787,cherry,purple
9788,banana,green
9789,apple,red
9790,apple,yellow
9791,apple,green
9792,apple,yellow
9793,apple,green
9794,cherry,red
9795,cherry,red
9796,apple,green
9797,apple,yellow
9798,cherry,purple
9799,banana,green
9800,apple,green
9801,banana,green
9802,banana,green
9803,cherry,purple
9804,banana,yellow
9805,banana,yellow
9806,apple,yellow
9807,apple,yellow
9808,apple,green
9809,cherry,red
9810,apple,red
9811,apple,yellow
9812,apple,green
9813,apple,green
9814,banana,yellow
9815,apple,green
9816,cherry,red
9817,apple,yellow
9818,banana,green
9819,banana,green
9820,banana,yellow
9821,banana,yellow
9822,apple,yellow
9823,apple,red
9824,cherry,purple
9825,banana,yellow
9826,banana,yellow
9827,apple,red
9828,banana,green
9829,apple,green
9830,apple,red
9831,apple,yellow
9832,apple,red
9833,apple,yellow
9834,cherry,red
9835,cherry,red
9836,cherry,red
9837,banana,yellow
9838,apple,green
9839,banana,green
9840,apple,green
9841,cherry,red
9842,cherry,red
9843,cherry,red
9844,cherry,purple
9845,banana,yellow
9846,apple,green
9847,banana,yellow
9848,banana,yellow
9849,cherry,purple
9850,apple,green
9851,apple,green
9852,banana,yellow
9853,apple,red
9854,apple,yellow
9855,banana,yellow
9856,apple,red
9857,banana,yellow
9858,apple,yellow
9859,cherry,red
9860,apple,red
9861,banana,yellow
9862,banana,green
9863,banana,yellow
9864,banana,green
9865,banana,yellow
9866,banana,green
9867,cherry,purple
9868,cherry,red
9869,apple,yellow
9870,banana,green
9871,apple,red
9872,banana,green
9873,banana,green
9874,apple,yellow
9875,banana,green
9876,cherry,purple
9877,banana,yellow
9878,banana,green
9879,apple,green
9880,apple,yellow
9881,apple,yellow
9882,cherry,red
9883,banana,green
9884,apple,green
9885,banana,yellow
9886,banana,green
9887,banana,yellow
9888,apple,green
9889,apple,yellow
9890,banana,yellow
9891,apple,red
9892,banana,green
9893,banana,yellow
9894,cherry,purple
9895,cherry,red
9896,banana,green
9897,apple,yellow
9898,banana,green
9899,apple,green
9900,banana,green
9901,banana,yellow
9902,banana,green
9903,apple,yellow
9904,banana,green
9905,banana,green
9906,banana,yellow
9907,cherry,red
9908,cherry,purple
9909,apple,green
9910,apple,green
9911,banana,green
9912,apple,yellow
9913,banana,yellow
9914,cherry,purple
9915,cherry,red
9916,apple,green
9917,apple,yellow
9918,apple,yellow
9919,banana,green
9920,cherry,purple
9921,cherry,red
9922,cherry,red
9923,apple,red
9924,cherry,red
9925,apple,green
9926,banana,yellow
9927,apple,yellow
9928,apple,yellow
9929,cherry,purple
9930,banana,yellow
9931,apple,yellow
9932,banana,yellow
9933,cherry,red
9934,apple,green
9935,banana,yellow
9936,banana,green
9937,apple,yellow
9938,cherry,purple
9939,banana,yellow
9940,apple,green
9941,cherry,red
9942,apple,red
9943,apple,green
9944,banana,green
9945,apple,yellow
9946,apple,red
9947,apple,green
9948,apple,red
9949,banana,yellow
9950,cherry,purple
9951,banana,yellow
9952,banana,green
9953,cherry,red
9954,banana,green
9955,apple,yellow
9956,cherry,red
9957,apple,red
9958,banana,yellow
9959,apple,green
9960,cherry,purple
9961,cherry,purple
9962,apple,yellow
9963,cherry,purple
9964,banana,green
9965,cherry,purple
9966,cherry,purple
9967,apple,red
9968,apple,red
9969,apple,green
9970,banana,green
9971,cherry,red
9972,apple,green
9973,cherry,red
9974,cherry,red
9975,apple,red
9976,apple,red
9977,cherry,purple
9978,banana,yellow
9979,apple,green
9980,banana,green
9981,apple,green
9982,banana,green
9983,apple,red
9984,banana,green
9985,apple,red
9986,banana,green
9987,apple,red
9988,cherry,purple
9989,apple,green
9990,apple,red
9991,banana,yellow
9992,apple,red
9993,apple,yellow
9994,apple,red
9995,cherry,red
9996,cherry,purple
9997,apple,yellow
9998,apple,green
9999,banana,green
10000,cherry,red
